user_id,movie_id,watch_percent,rewatch,early_exit,preview_depth,searched_genre,label
U94,M14,72,1,0,0.45,Action,1
U52,M42,83,1,0,0.6,Thriller,1
U98,M10,57,0,0,0.57,Drama,0
U89,M14,71,0,0,0.39,Drama,1
U7,M17,91,0,0,0.59,Thriller,1
U50,M16,98,0,0,0.54,Drama,1
U83,M15,50,0,0,0.17,Comedy,0
U55,M38,98,1,0,0.77,Drama,1
U86,M25,17,0,1,0.82,Drama,0
U90,M28,90,0,0,0.79,Drama,1
U25,M22,14,1,1,0.65,Thriller,0
U31,M16,37,1,0,0.62,Comedy,0
U48,M34,43,0,0,0.37,Sci-Fi,0
U93,M22,71,0,0,0.73,Drama,1
U95,M6,95,1,0,0.47,Sci-Fi,1
U67,M23,56,0,0,0.76,Thriller,0
U36,M43,99,0,0,0.26,Comedy,1
U75,M12,36,0,0,0.43,Action,0
U18,M14,51,0,0,0.2,Drama,0
U65,M42,61,0,0,0.7,Action,0
U11,M12,32,0,0,0.54,Drama,0
U67,M34,38,0,0,0.08,Sci-Fi,0
U4,M35,68,0,0,0.88,Drama,0
U48,M48,51,1,0,0.63,Drama,0
U18,M44,15,0,1,0.22,Sci-Fi,0
U19,M50,93,1,0,0.54,Comedy,1
U81,M50,98,0,0,0.11,Sci-Fi,1
U44,M25,36,0,0,0.82,Drama,0
U14,M21,12,0,1,0.51,Comedy,0
U34,M7,18,0,1,0.69,Comedy,0
U48,M43,53,0,0,0.17,Sci-Fi,0
U9,M29,41,0,0,0.7,Thriller,0
U66,M14,71,1,0,0.96,Drama,1
U49,M3,48,0,0,0.3,Sci-Fi,0
U42,M29,65,0,0,0.61,Sci-Fi,0
U66,M39,11,0,1,0.03,Action,0
U87,M25,10,0,1,0.14,Sci-Fi,0
U4,M50,53,0,0,0.55,Sci-Fi,0
U82,M8,77,0,0,0.37,Drama,1
U98,M42,26,0,1,0.37,Action,0
U90,M38,79,0,0,0.82,Drama,1
U90,M4,25,1,1,0.32,Drama,0
U7,M9,79,0,0,0.86,Sci-Fi,1
U71,M42,68,0,0,0.71,Action,0
U29,M24,28,0,1,0.1,Comedy,0
U57,M20,42,0,0,0.52,Action,0
U38,M6,10,0,1,0.74,Sci-Fi,0
U27,M18,59,1,0,0.88,Sci-Fi,0
U48,M40,16,0,1,0.82,Thriller,0
U70,M38,69,0,0,1.0,Thriller,0
U3,M18,21,0,1,0.88,Action,0
U42,M18,18,0,1,0.7,Action,0
U98,M36,89,1,0,0.89,Drama,1
U9,M7,42,0,0,0.08,Thriller,0
U48,M38,81,0,0,0.67,Comedy,1
U18,M16,98,0,0,0.01,Sci-Fi,1
U77,M5,91,0,0,0.45,Comedy,1
U15,M37,70,0,0,0.71,Thriller,0
U47,M10,42,0,0,0.18,Comedy,0
U62,M48,17,1,1,0.66,Drama,0
U70,M4,42,0,0,0.51,Comedy,0
U58,M22,95,0,0,0.24,Comedy,1
U100,M25,47,1,0,0.49,Sci-Fi,0
U26,M26,17,0,1,0.79,Action,0
U22,M38,39,0,0,0.67,Sci-Fi,0
U88,M12,78,0,0,0.5,Thriller,1
U82,M3,13,0,1,0.65,Comedy,0
U24,M49,26,1,1,0.47,Action,0
U84,M31,55,1,0,0.37,Drama,0
U45,M45,46,1,0,0.43,Comedy,0
U9,M32,62,0,0,0.98,Comedy,0
U5,M26,72,0,0,0.19,Sci-Fi,1
U73,M10,42,0,0,0.17,Comedy,0
U19,M31,34,0,0,0.84,Comedy,0
U96,M45,76,0,0,0.1,Drama,1
U36,M38,41,0,0,0.36,Comedy,0
U91,M40,36,0,0,0.32,Comedy,0
U65,M35,42,0,0,0.71,Thriller,0
U38,M35,48,0,0,0.81,Drama,0
U47,M40,59,1,0,0.91,Sci-Fi,0
U67,M37,16,0,1,0.8,Thriller,0
U63,M4,74,0,0,0.4,Drama,1
U36,M19,23,1,1,0.34,Action,0
U10,M46,75,0,0,0.67,Thriller,1
U19,M12,60,0,0,0.54,Action,0
U40,M17,31,0,0,0.03,Action,0
U15,M35,61,0,0,0.3,Comedy,0
U25,M37,69,0,0,0.83,Thriller,0
U64,M44,69,0,0,0.62,Sci-Fi,0
U27,M47,77,1,0,0.19,Drama,1
U97,M30,56,0,0,0.14,Drama,0
U96,M32,25,1,1,0.52,Thriller,0
U54,M16,39,0,0,0.4,Comedy,0
U7,M28,28,0,1,0.08,Sci-Fi,0
U61,M5,99,1,0,0.84,Comedy,1
U61,M23,18,0,1,0.06,Thriller,0
U12,M36,10,0,1,0.24,Thriller,0
U18,M25,57,0,0,0.93,Sci-Fi,0
U34,M19,10,1,1,0.74,Thriller,0
U54,M40,72,0,0,0.73,Drama,1
U91,M41,76,0,0,0.36,Thriller,1
U56,M50,95,0,0,0.12,Sci-Fi,1
U65,M47,78,0,0,0.31,Sci-Fi,1
U51,M44,71,0,0,0.47,Drama,1
U63,M6,99,0,0,0.81,Comedy,1
U14,M9,42,0,0,0.65,Comedy,0
U65,M19,19,1,1,0.89,Drama,0
U4,M37,61,0,0,0.63,Comedy,0
U10,M39,67,0,0,0.54,Drama,0
U98,M27,13,0,1,0.94,Drama,0
U19,M28,11,0,1,0.59,Comedy,0
U1,M3,93,0,0,0.39,Comedy,1
U48,M7,42,0,0,0.55,Thriller,0
U91,M10,21,0,1,0.96,Thriller,0
U45,M50,83,0,0,0.27,Sci-Fi,1
U93,M50,21,0,1,0.02,Comedy,0
U99,M36,44,0,0,0.66,Sci-Fi,0
U53,M34,35,0,0,0.34,Drama,0
U87,M29,16,0,1,0.7,Sci-Fi,0
U13,M46,84,1,0,0.74,Thriller,1
U56,M21,30,1,0,0.55,Action,0
U26,M27,82,0,0,0.58,Thriller,1
U57,M48,45,0,0,0.78,Action,0
U75,M17,33,1,0,0.56,Thriller,0
U92,M20,21,0,1,0.75,Action,0
U5,M9,98,0,0,0.38,Thriller,1
U30,M17,71,0,0,0.39,Thriller,1
U36,M23,22,1,1,0.39,Thriller,0
U6,M35,21,1,1,0.85,Comedy,0
U67,M39,18,0,1,0.95,Sci-Fi,0
U3,M26,61,0,0,0.63,Thriller,0
U47,M29,78,0,0,0.33,Drama,1
U1,M20,94,0,0,0.79,Thriller,1
U76,M14,66,0,0,0.93,Comedy,0
U51,M1,67,0,0,0.55,Action,0
U96,M10,14,0,1,0.55,Drama,0
U14,M50,84,0,0,0.14,Thriller,1
U91,M8,83,1,0,0.87,Sci-Fi,1
U4,M34,16,0,1,0.22,Drama,0
U65,M31,18,1,1,0.71,Sci-Fi,0
U32,M32,14,0,1,0.23,Drama,0
U53,M28,17,0,1,0.37,Thriller,0
U73,M18,26,1,1,0.99,Sci-Fi,0
U21,M39,13,0,1,0.71,Comedy,0
U60,M12,28,0,1,0.56,Drama,0
U24,M10,83,1,0,0.11,Drama,1
U10,M43,76,0,0,0.41,Thriller,1
U78,M17,67,0,0,0.77,Sci-Fi,0
U1,M10,48,0,0,0.58,Thriller,0
U92,M41,71,0,0,0.48,Comedy,1
U58,M12,34,1,0,0.22,Action,0
U33,M23,15,1,1,0.98,Drama,0
U80,M18,54,0,0,0.89,Comedy,0
U51,M37,94,1,0,0.07,Action,1
U1,M39,28,1,1,0.52,Sci-Fi,0
U90,M29,58,0,0,0.45,Drama,0
U12,M11,63,0,0,0.9,Action,0
U89,M46,66,1,0,0.96,Action,0
U71,M28,25,1,1,0.46,Thriller,0
U13,M37,37,0,0,0.17,Action,0
U67,M22,45,0,0,0.35,Thriller,0
U76,M33,59,0,0,0.36,Action,0
U88,M45,73,0,0,0.03,Action,1
U49,M14,82,0,0,0.81,Comedy,1
U32,M43,38,0,0,0.08,Action,0
U60,M19,15,1,1,0.73,Sci-Fi,0
U56,M19,56,1,0,0.08,Action,0
U92,M36,39,1,0,0.05,Sci-Fi,0
U23,M13,42,0,0,0.48,Sci-Fi,0
U11,M5,58,0,0,0.75,Drama,0
U31,M7,98,1,0,0.84,Drama,1
U35,M37,86,0,0,0.04,Action,1
U81,M17,10,0,1,0.08,Action,0
U98,M37,90,0,0,0.75,Comedy,1
U41,M22,12,0,1,0.77,Drama,0
U63,M41,46,0,0,0.38,Sci-Fi,0
U33,M19,94,0,0,0.13,Sci-Fi,1
U49,M49,60,0,0,0.21,Sci-Fi,0
U57,M44,74,0,0,0.62,Sci-Fi,1
U1,M28,81,0,0,0.5,Comedy,1
U37,M7,63,0,0,0.52,Comedy,0
U72,M8,21,1,1,0.97,Thriller,0
U28,M1,66,0,0,0.48,Thriller,0
U70,M8,32,0,0,0.62,Sci-Fi,0
U93,M49,75,1,0,0.9,Thriller,1
U21,M18,73,0,0,0.35,Action,1
U85,M25,91,0,0,0.44,Drama,1
U44,M22,72,0,0,0.55,Thriller,1
U76,M12,97,1,0,0.3,Thriller,1
U10,M9,60,0,0,0.8,Comedy,0
U13,M33,19,1,1,0.49,Action,0
U41,M22,93,0,0,0.98,Sci-Fi,1
U58,M1,62,0,0,0.21,Action,0
U5,M22,52,0,0,0.08,Action,0
U70,M7,32,0,0,0.15,Thriller,0
U58,M22,25,0,1,0.18,Comedy,0
U88,M15,65,0,0,0.87,Comedy,0
U15,M22,36,0,0,0.17,Comedy,0
U44,M25,60,0,0,0.17,Action,0
U48,M18,51,0,0,0.09,Comedy,0
U77,M48,10,0,1,0.36,Thriller,0
U90,M23,55,0,0,0.5,Comedy,0
U94,M45,54,0,0,0.09,Thriller,0
U39,M49,56,0,0,0.08,Action,0
U3,M4,72,0,0,0.0,Comedy,1
U90,M23,45,1,0,0.75,Thriller,0
U40,M46,61,0,0,0.37,Action,0
U97,M39,95,0,0,0.76,Action,1
U66,M5,87,0,0,0.75,Sci-Fi,1
U90,M19,23,0,1,0.13,Drama,0
U34,M2,12,1,1,0.51,Comedy,0
U43,M45,27,0,1,0.53,Thriller,0
U68,M8,24,0,1,0.74,Drama,0
U10,M45,37,0,0,0.32,Sci-Fi,0
U6,M4,95,0,0,0.12,Thriller,1
U37,M16,26,0,1,0.47,Thriller,0
U18,M49,19,0,1,0.5,Drama,0
U56,M19,95,0,0,0.75,Comedy,1
U36,M20,92,0,0,0.34,Thriller,1
U18,M6,61,0,0,0.57,Drama,0
U69,M30,65,0,0,0.33,Action,0
U91,M16,42,0,0,0.23,Sci-Fi,0
U50,M1,79,0,0,0.16,Action,1
U1,M42,84,0,0,0.81,Sci-Fi,1
U76,M26,33,1,0,0.08,Sci-Fi,0
U60,M21,40,0,0,0.98,Comedy,0
U99,M24,15,0,1,0.97,Action,0
U70,M43,13,0,1,0.98,Drama,0
U7,M15,60,1,0,0.72,Action,0
U100,M35,84,0,0,0.28,Comedy,1
U36,M29,53,0,0,0.97,Comedy,0
U52,M17,77,0,0,0.51,Sci-Fi,1
U42,M33,21,0,1,0.61,Sci-Fi,0
U83,M31,73,0,0,0.51,Action,1
U63,M1,86,0,0,0.05,Thriller,1
U88,M47,59,0,0,0.55,Comedy,0
U80,M27,19,1,1,0.32,Drama,0
U17,M19,11,0,1,0.14,Thriller,0
U96,M16,82,0,0,0.6,Sci-Fi,1
U33,M33,33,0,0,0.79,Action,0
U48,M45,58,1,0,0.75,Drama,0
U25,M30,59,0,0,0.73,Drama,0
U91,M10,18,0,1,0.38,Action,0
U49,M30,10,0,1,0.57,Drama,0
U7,M3,73,0,0,0.83,Thriller,1
U38,M25,23,0,1,0.83,Comedy,0
U41,M10,46,1,0,0.67,Thriller,0
U52,M32,35,1,0,0.32,Comedy,0
U68,M12,51,0,0,0.82,Drama,0
U82,M48,48,0,0,0.9,Comedy,0
U70,M34,47,0,0,0.44,Sci-Fi,0
U92,M6,34,0,0,0.39,Comedy,0
U50,M15,75,0,0,0.91,Action,1
U39,M22,60,0,0,0.43,Drama,0
U39,M9,76,0,0,0.33,Thriller,1
U55,M20,73,0,0,0.88,Action,1
U13,M39,42,0,0,0.89,Thriller,0
U77,M33,45,1,0,0.75,Comedy,0
U69,M35,36,0,0,0.03,Comedy,0
U11,M20,95,0,0,0.49,Action,1
U52,M46,83,0,0,0.82,Action,1
U53,M46,40,0,0,0.46,Action,0
U100,M42,61,0,0,0.8,Sci-Fi,0
U23,M22,14,0,1,0.41,Sci-Fi,0
U61,M42,54,0,0,0.64,Drama,0
U63,M1,45,0,0,0.25,Sci-Fi,0
U95,M14,78,1,0,0.96,Thriller,1
U51,M44,47,0,0,0.42,Action,0
U90,M23,99,1,0,0.15,Thriller,1
U30,M24,22,0,1,0.1,Drama,0
U30,M28,69,0,0,0.1,Action,0
U60,M45,77,0,0,0.02,Drama,1
U68,M32,40,0,0,0.42,Action,0
U77,M48,38,0,0,0.84,Drama,0
U71,M46,20,0,1,0.11,Comedy,0
U11,M6,30,0,0,0.19,Comedy,0
U47,M8,96,1,0,0.87,Sci-Fi,1
U62,M12,64,0,0,0.61,Action,0
U30,M2,56,0,0,0.34,Action,0
U91,M37,61,0,0,0.6,Sci-Fi,0
U69,M8,44,0,0,0.54,Comedy,0
U80,M24,84,1,0,0.47,Action,1
U36,M27,43,1,0,0.59,Drama,0
U19,M1,68,0,0,0.14,Drama,0
U39,M30,33,0,0,0.17,Action,0
U57,M42,97,0,0,0.78,Drama,1
U62,M8,31,0,0,0.21,Thriller,0
U82,M34,58,0,0,0.96,Drama,0
U47,M9,58,0,0,0.86,Sci-Fi,0
U52,M39,72,1,0,0.5,Comedy,1
U8,M50,10,0,1,0.4,Sci-Fi,0
U94,M22,60,0,0,0.9,Sci-Fi,0
U73,M13,41,0,0,0.62,Comedy,0
U53,M49,39,1,0,0.59,Action,0
U80,M29,10,0,1,0.45,Action,0
U42,M28,75,0,0,0.48,Action,1
U85,M25,47,0,0,0.1,Sci-Fi,0
U82,M14,17,1,1,0.95,Drama,0
U61,M37,41,0,0,0.9,Thriller,0
U4,M26,43,0,0,0.03,Thriller,0
U4,M36,41,0,0,0.66,Sci-Fi,0
U22,M17,74,0,0,0.25,Drama,1
U45,M39,96,0,0,0.02,Action,1
U59,M37,63,0,0,0.57,Comedy,0
U74,M4,60,0,0,0.24,Sci-Fi,0
U93,M9,43,1,0,0.99,Comedy,0
U54,M35,41,1,0,0.83,Thriller,0
U24,M33,77,1,0,0.14,Comedy,1
U98,M37,23,0,1,0.9,Drama,0
U3,M48,16,0,1,0.74,Comedy,0
U65,M40,94,0,0,0.18,Thriller,1
U71,M32,45,0,0,0.7,Drama,0
U32,M9,10,1,1,0.34,Thriller,0
U44,M24,11,0,1,0.03,Drama,0
U62,M26,29,0,1,0.41,Action,0
U20,M46,18,0,1,0.29,Sci-Fi,0
U24,M47,95,0,0,0.11,Thriller,1
U9,M18,39,0,0,0.89,Comedy,0
U24,M43,90,0,0,0.51,Drama,1
U39,M36,18,0,1,0.63,Thriller,0
U8,M33,82,0,0,0.83,Action,1
U42,M22,13,0,1,0.9,Drama,0
U17,M2,96,0,0,0.82,Action,1
U1,M4,94,1,0,0.5,Action,1
U84,M20,43,0,0,0.65,Action,0
U26,M21,85,0,0,0.01,Thriller,1
U25,M50,94,0,0,0.27,Thriller,1
U8,M17,49,0,0,0.63,Action,0
U74,M15,62,0,0,0.91,Action,0
U78,M18,35,0,0,0.77,Thriller,0
U72,M46,55,0,0,0.17,Comedy,0
U62,M9,74,0,0,0.6,Sci-Fi,1
U35,M14,35,0,0,0.84,Comedy,0
U66,M24,20,0,1,0.72,Sci-Fi,0
U40,M50,48,0,0,0.95,Drama,0
U74,M48,64,0,0,0.94,Sci-Fi,0
U45,M47,78,0,0,0.27,Sci-Fi,1
U13,M46,29,0,1,0.84,Drama,0
U55,M4,90,0,0,0.6,Comedy,1
U93,M44,82,0,0,0.11,Action,1
U33,M12,82,0,0,0.41,Thriller,1
U83,M13,70,0,0,0.43,Sci-Fi,0
U11,M35,48,0,0,0.08,Drama,0
U98,M7,53,1,0,0.01,Thriller,0
U35,M29,21,0,1,0.09,Action,0
U25,M35,58,0,0,0.95,Comedy,0
U30,M18,64,0,0,0.09,Drama,0
U90,M12,89,1,0,0.73,Action,1
U100,M21,30,0,0,0.72,Drama,0
U27,M15,89,1,0,0.25,Action,1
U87,M4,98,0,0,0.69,Thriller,1
U83,M16,35,0,0,0.71,Sci-Fi,0
U78,M1,80,1,0,0.56,Sci-Fi,1
U47,M2,95,1,0,0.03,Comedy,1
U31,M36,16,0,1,0.92,Comedy,0
U19,M43,68,1,0,0.47,Thriller,0
U38,M43,48,0,0,0.52,Comedy,0
U68,M27,26,0,1,0.36,Action,0
U86,M47,69,0,0,0.88,Action,0
U54,M36,52,0,0,0.72,Thriller,0
U76,M5,48,0,0,0.54,Action,0
U75,M33,95,0,0,0.63,Thriller,1
U56,M27,25,0,1,0.88,Thriller,0
U63,M17,75,0,0,0.87,Drama,1
U77,M18,39,0,0,0.19,Drama,0
U96,M36,27,1,1,0.8,Action,0
U59,M28,48,0,0,0.05,Sci-Fi,0
U98,M36,71,0,0,0.63,Action,1
U18,M6,65,0,0,0.4,Thriller,0
U18,M1,39,0,0,0.42,Action,0
U33,M37,14,0,1,0.0,Thriller,0
U11,M1,54,0,0,0.29,Action,0
U80,M21,77,0,0,0.59,Drama,1
U10,M22,57,0,0,0.99,Sci-Fi,0
U87,M36,82,0,0,0.39,Action,1
U50,M34,77,0,0,0.95,Comedy,1
U50,M7,70,0,0,0.59,Action,0
U92,M10,48,1,0,0.94,Thriller,0
U15,M27,20,1,1,0.99,Thriller,0
U72,M50,80,1,0,0.23,Comedy,1
U7,M9,29,1,1,0.23,Comedy,0
U16,M36,83,0,0,0.38,Thriller,1
U45,M3,50,0,0,0.78,Sci-Fi,0
U60,M16,15,1,1,0.63,Drama,0
U64,M10,96,1,0,0.93,Thriller,1
U74,M42,70,0,0,0.52,Action,0
U53,M26,91,0,0,0.15,Sci-Fi,1
U79,M33,41,0,0,0.62,Sci-Fi,0
U59,M6,98,0,0,0.58,Drama,1
U8,M42,20,1,1,0.27,Comedy,0
U46,M40,38,1,0,0.96,Comedy,0
U43,M28,85,0,0,0.33,Sci-Fi,1
U93,M25,34,0,0,0.09,Thriller,0
U50,M43,97,0,0,0.01,Comedy,1
U79,M19,14,0,1,0.53,Thriller,0
U53,M21,46,0,0,0.68,Sci-Fi,0
U17,M6,78,1,0,0.06,Drama,1
U20,M5,54,0,0,0.59,Comedy,0
U29,M22,67,0,0,0.66,Thriller,0
U66,M8,49,0,0,0.27,Comedy,0
U49,M36,15,0,1,0.87,Thriller,0
U73,M9,68,1,0,0.71,Thriller,0
U60,M50,54,0,0,0.68,Action,0
U86,M3,72,0,0,0.19,Thriller,1
U72,M5,14,1,1,0.87,Comedy,0
U13,M19,40,1,0,0.13,Drama,0
U33,M20,62,0,0,0.16,Drama,0
U64,M11,11,1,1,0.51,Thriller,0
U80,M5,48,0,0,0.08,Sci-Fi,0
U45,M16,36,1,0,0.63,Comedy,0
U11,M29,69,0,0,0.82,Comedy,0
U99,M46,79,0,0,0.02,Comedy,1
U71,M29,72,0,0,0.18,Comedy,1
U4,M17,46,0,0,0.94,Sci-Fi,0
U22,M14,77,0,0,0.71,Drama,1
U8,M42,31,0,0,0.47,Thriller,0
U54,M14,31,0,0,0.05,Comedy,0
U46,M16,59,1,0,0.68,Thriller,0
U8,M48,85,0,0,0.13,Thriller,1
U9,M19,85,0,0,0.02,Sci-Fi,1
U70,M43,15,0,1,0.82,Thriller,0
U62,M17,84,0,0,0.45,Action,1
U4,M41,55,0,0,0.94,Thriller,0
U72,M5,22,1,1,0.53,Action,0
U23,M11,38,0,0,0.22,Sci-Fi,0
U1,M39,11,0,1,0.23,Thriller,0
U3,M42,84,0,0,0.95,Comedy,1
U74,M30,65,0,0,0.94,Comedy,0
U38,M37,89,1,0,0.96,Action,1
U76,M44,28,0,1,0.98,Comedy,0
U27,M50,10,0,1,0.72,Sci-Fi,0
U58,M9,43,0,0,0.03,Drama,0
U5,M47,34,0,0,0.56,Drama,0
U100,M15,89,0,0,0.16,Comedy,1
U99,M27,98,1,0,0.78,Action,1
U55,M35,88,0,0,0.53,Sci-Fi,1
U7,M42,80,0,0,0.13,Thriller,1
U82,M25,62,1,0,0.97,Comedy,0
U12,M36,29,0,1,0.48,Comedy,0
U52,M20,87,0,0,0.61,Sci-Fi,1
U44,M34,93,0,0,0.2,Thriller,1
U43,M33,69,0,0,0.58,Thriller,0
U56,M46,11,0,1,0.31,Sci-Fi,0
U76,M2,86,0,0,0.46,Comedy,1
U72,M35,73,0,0,0.97,Sci-Fi,1
U79,M41,47,0,0,0.69,Action,0
U26,M39,42,1,0,0.91,Drama,0
U45,M5,20,0,1,0.1,Action,0
U35,M38,26,0,1,0.57,Sci-Fi,0
U45,M36,88,0,0,0.62,Thriller,1
U10,M35,29,0,1,0.78,Drama,0
U49,M43,11,0,1,0.88,Sci-Fi,0
U85,M34,39,0,0,0.08,Thriller,0
U23,M44,31,0,0,0.98,Drama,0
U53,M3,99,0,0,0.8,Action,1
U82,M17,53,0,0,0.64,Drama,0
U21,M49,76,1,0,0.59,Sci-Fi,1
U79,M4,82,0,0,0.54,Action,1
U93,M3,85,1,0,0.71,Sci-Fi,1
U18,M9,71,0,0,0.61,Action,1
U87,M4,16,0,1,0.55,Action,0
U44,M6,15,1,1,0.45,Sci-Fi,0
U98,M5,12,0,1,0.16,Action,0
U47,M20,23,0,1,0.06,Comedy,0
U86,M36,96,0,0,0.48,Sci-Fi,1
U19,M3,28,1,1,0.34,Action,0
U22,M17,17,1,1,0.43,Thriller,0
U42,M45,41,0,0,0.56,Thriller,0
U22,M30,27,0,1,0.33,Drama,0
U9,M18,65,1,0,0.65,Thriller,0
U81,M33,83,0,0,0.22,Thriller,1
U14,M16,63,0,0,0.26,Action,0
U62,M43,85,0,0,0.96,Sci-Fi,1
U2,M45,67,0,0,0.43,Drama,0
U24,M8,13,0,1,0.77,Sci-Fi,0
U16,M2,69,0,0,0.87,Comedy,0
U38,M21,45,0,0,0.4,Comedy,0
U61,M35,75,0,0,0.79,Action,1
U14,M20,48,0,0,0.59,Thriller,0
U58,M6,21,0,1,0.47,Action,0
U37,M1,30,0,0,0.13,Action,0
U43,M22,17,0,1,0.6,Drama,0
U30,M14,51,0,0,0.97,Comedy,0
U82,M15,46,1,0,0.49,Comedy,0
U6,M44,71,0,0,0.41,Thriller,1
U31,M36,23,0,1,0.36,Drama,0
U56,M45,11,0,1,0.65,Sci-Fi,0
U26,M49,98,1,0,0.26,Drama,1
U36,M30,14,0,1,0.77,Drama,0
U34,M29,65,0,0,0.24,Action,0
U63,M16,40,0,0,0.07,Action,0
U69,M49,23,0,1,0.45,Action,0
U65,M12,85,1,0,0.43,Action,1
U41,M33,29,0,1,0.95,Drama,0
U83,M22,66,0,0,0.17,Action,0
U47,M50,46,0,0,0.53,Drama,0
U63,M27,58,1,0,0.81,Sci-Fi,0
U87,M39,37,1,0,0.56,Thriller,0
U65,M18,70,0,0,0.99,Thriller,0
U11,M47,82,0,0,0.94,Comedy,1
U88,M28,38,0,0,0.22,Sci-Fi,0
U68,M39,68,0,0,0.51,Sci-Fi,0
U73,M12,87,0,0,0.4,Drama,1
U30,M38,97,0,0,0.02,Action,1
U39,M47,98,0,0,0.87,Thriller,1
U81,M37,65,0,0,0.49,Thriller,0
U98,M3,53,0,0,0.13,Sci-Fi,0
U81,M5,54,0,0,0.94,Comedy,0
U85,M12,17,1,1,0.09,Action,0
U66,M40,17,0,1,0.23,Comedy,0
U44,M4,95,0,0,0.66,Drama,1
U14,M29,99,0,0,0.02,Drama,1
U5,M34,91,0,0,0.87,Sci-Fi,1
U67,M33,85,0,0,0.8,Comedy,1
U12,M17,77,0,0,0.22,Comedy,1
U7,M32,89,1,0,0.67,Drama,1
U45,M42,99,0,0,0.16,Action,1
U68,M35,73,0,0,0.98,Drama,1
U31,M12,50,1,0,0.75,Action,0
U100,M3,86,0,0,0.11,Comedy,1
U52,M1,13,0,1,0.81,Sci-Fi,0
U61,M49,91,1,0,0.32,Sci-Fi,1
U90,M37,84,0,0,0.3,Sci-Fi,1
U99,M33,80,0,0,0.32,Drama,1
U9,M1,85,0,0,0.56,Action,1
U30,M48,28,0,1,0.45,Sci-Fi,0
U91,M4,58,0,0,0.44,Drama,0
U11,M26,99,0,0,0.17,Drama,1
U13,M12,87,0,0,0.46,Sci-Fi,1
U10,M38,12,0,1,0.95,Drama,0
U37,M33,75,0,0,0.03,Action,1
U2,M17,35,0,0,0.15,Action,0
U69,M49,57,0,0,0.53,Sci-Fi,0
U63,M17,24,0,1,0.55,Drama,0
U48,M34,55,0,0,0.96,Comedy,0
U89,M13,30,0,0,0.01,Comedy,0
U9,M48,56,0,0,0.95,Action,0
U39,M13,45,1,0,0.06,Sci-Fi,0
U45,M45,30,0,0,0.19,Thriller,0
U60,M1,87,0,0,0.26,Comedy,1
U66,M49,61,0,0,0.93,Drama,0
U61,M15,37,0,0,0.31,Comedy,0
U12,M30,45,0,0,0.4,Thriller,0
U89,M6,86,0,0,0.12,Action,1
U17,M44,84,0,0,0.86,Comedy,1
U17,M21,48,0,0,0.71,Thriller,0
U12,M31,65,0,0,0.19,Thriller,0
U95,M41,65,1,0,0.48,Action,0
U68,M22,16,1,1,0.37,Drama,0
U47,M44,54,0,0,0.95,Drama,0
U48,M42,31,1,0,0.88,Sci-Fi,0
U57,M10,18,0,1,0.65,Thriller,0
U37,M42,97,0,0,0.84,Sci-Fi,1
U24,M40,81,0,0,0.56,Drama,1
U71,M37,46,0,0,0.73,Sci-Fi,0
U3,M16,69,0,0,0.81,Thriller,0
U76,M24,28,0,1,0.45,Comedy,0
U16,M21,78,0,0,0.74,Thriller,1
U93,M30,42,0,0,0.1,Action,0
U86,M35,57,0,0,0.23,Drama,0
U88,M34,80,0,0,0.23,Thriller,1
U64,M6,87,0,0,0.06,Thriller,1
U1,M30,34,1,0,0.14,Thriller,0
U49,M38,94,0,0,0.44,Drama,1
U72,M7,48,0,0,0.02,Action,0
U97,M35,33,0,0,0.1,Drama,0
U56,M23,99,0,0,0.91,Comedy,1
U13,M3,45,0,0,0.89,Drama,0
U100,M4,12,0,1,0.37,Action,0
U28,M20,79,0,0,0.07,Thriller,1
U40,M35,58,1,0,0.67,Action,0
U15,M9,53,0,0,0.54,Drama,0
U82,M45,81,0,0,0.53,Action,1
U68,M44,67,0,0,0.67,Comedy,0
U96,M25,96,0,0,0.36,Sci-Fi,1
U32,M31,44,0,0,0.47,Thriller,0
U58,M31,17,0,1,0.09,Drama,0
U22,M23,78,0,0,0.69,Sci-Fi,1
U55,M26,64,0,0,0.1,Action,0
U15,M47,64,0,0,0.35,Action,0
U13,M15,21,1,1,0.47,Sci-Fi,0
U30,M25,39,0,0,0.4,Comedy,0
U68,M10,14,0,1,0.77,Thriller,0
U19,M40,74,1,0,0.52,Comedy,1
U48,M35,79,0,0,0.79,Drama,1
U89,M7,41,0,0,0.83,Comedy,0
U93,M10,47,0,0,0.06,Sci-Fi,0
U52,M33,45,0,0,0.26,Thriller,0
U91,M25,75,0,0,0.35,Comedy,1
U24,M28,82,0,0,0.83,Comedy,1
U75,M36,71,0,0,0.6,Action,1
U23,M2,64,0,0,0.79,Drama,0
U46,M35,24,1,1,0.85,Comedy,0
U24,M44,21,1,1,0.12,Comedy,0
U64,M22,91,0,0,0.67,Action,1
U40,M42,39,0,0,0.14,Comedy,0
U43,M16,16,0,1,0.08,Thriller,0
U99,M16,30,0,0,0.15,Drama,0
U100,M21,44,0,0,0.98,Drama,0
U84,M22,19,1,1,0.13,Thriller,0
U60,M30,63,0,0,0.61,Action,0
U77,M31,74,0,0,0.76,Action,1
U88,M26,61,0,0,0.4,Drama,0
U40,M44,34,0,0,0.12,Sci-Fi,0
U16,M32,30,0,0,0.14,Drama,0
U9,M4,77,0,0,0.78,Action,1
U54,M2,22,1,1,0.88,Comedy,0
U56,M34,69,1,0,0.0,Thriller,0
U84,M26,52,0,0,0.65,Drama,0
U54,M19,92,0,0,0.56,Drama,1
U57,M6,43,0,0,0.06,Drama,0
U69,M11,20,0,1,0.62,Thriller,0
U30,M25,88,1,0,0.24,Comedy,1
U47,M48,30,0,0,0.3,Thriller,0
U22,M18,16,0,1,0.06,Thriller,0
U28,M24,13,0,1,0.23,Comedy,0
U27,M38,61,0,0,0.66,Thriller,0
U63,M17,47,0,0,0.13,Drama,0
U88,M48,72,0,0,0.19,Thriller,1
U81,M24,16,0,1,0.48,Comedy,0
U98,M7,80,0,0,0.77,Comedy,1
U48,M33,64,0,0,0.48,Action,0
U92,M2,88,0,0,0.68,Thriller,1
U37,M27,48,0,0,0.32,Sci-Fi,0
U81,M36,99,0,0,0.98,Action,1
U2,M40,91,0,0,0.04,Comedy,1
U60,M47,90,0,0,0.55,Thriller,1
U62,M3,72,0,0,0.27,Drama,1
U35,M17,35,0,0,0.86,Sci-Fi,0
U5,M47,91,0,0,0.38,Sci-Fi,1
U68,M20,61,1,0,0.39,Comedy,0
U16,M14,51,1,0,0.96,Sci-Fi,0
U94,M25,26,0,1,0.94,Thriller,0
U50,M3,11,0,1,0.25,Drama,0
U26,M17,19,1,1,0.25,Drama,0
U15,M32,30,1,0,0.5,Action,0
U73,M6,17,1,1,0.64,Sci-Fi,0
U93,M49,88,1,0,0.45,Drama,1
U68,M3,54,0,0,0.74,Action,0
U88,M3,74,0,0,0.05,Drama,1
U63,M47,81,0,0,0.72,Comedy,1
U76,M21,60,0,0,0.01,Comedy,0
U16,M40,14,0,1,0.39,Thriller,0
U76,M3,40,0,0,0.35,Comedy,0
U58,M21,24,1,1,0.78,Sci-Fi,0
U50,M39,60,0,0,0.1,Thriller,0
U84,M49,17,0,1,0.02,Action,0
U40,M39,90,0,0,0.77,Thriller,1
U69,M37,34,1,0,0.67,Drama,0
U87,M3,76,0,0,0.62,Action,1
U68,M32,87,0,0,0.96,Action,1
U69,M4,71,1,0,0.32,Thriller,1
U6,M9,45,0,0,0.98,Sci-Fi,0
U86,M49,22,0,1,0.75,Comedy,0
U80,M40,41,0,0,0.16,Action,0
U5,M43,19,0,1,0.93,Drama,0
U57,M25,64,0,0,0.38,Comedy,0
U92,M14,87,0,0,0.61,Sci-Fi,1
U69,M48,31,0,0,0.93,Action,0
U97,M34,53,0,0,0.89,Action,0
U61,M50,30,0,0,0.82,Action,0
U92,M18,48,1,0,0.92,Drama,0
U89,M3,27,0,1,0.22,Sci-Fi,0
U35,M23,17,0,1,0.56,Drama,0
U32,M40,32,0,0,0.18,Comedy,0
U52,M13,95,0,0,0.27,Comedy,1
U63,M30,38,0,0,0.11,Sci-Fi,0
U96,M32,94,0,0,0.82,Drama,1
U87,M39,88,0,0,0.84,Drama,1
U67,M49,86,0,0,0.76,Action,1
U41,M45,65,0,0,0.11,Drama,0
U30,M9,32,0,0,0.87,Comedy,0
U34,M34,34,0,0,0.16,Action,0
U1,M4,67,0,0,0.25,Drama,0
U67,M12,14,1,1,0.28,Sci-Fi,0
U100,M38,73,1,0,0.2,Comedy,1
U63,M19,19,0,1,0.82,Action,0
U94,M23,36,0,0,0.38,Sci-Fi,0
U3,M19,18,0,1,0.01,Drama,0
U80,M8,99,1,0,0.83,Comedy,1
U50,M33,87,0,0,0.96,Action,1
U78,M1,29,0,1,0.15,Sci-Fi,0
U84,M12,79,1,0,1.0,Comedy,1
U10,M3,13,0,1,0.64,Comedy,0
U19,M14,19,1,1,0.59,Sci-Fi,0
U7,M45,46,0,0,0.0,Thriller,0
U24,M7,30,0,0,0.17,Thriller,0
U85,M8,69,0,0,0.09,Sci-Fi,0
U78,M6,80,0,0,0.64,Drama,1
U8,M42,97,0,0,0.23,Action,1
U35,M29,13,0,1,0.49,Action,0
U11,M8,39,1,0,0.27,Sci-Fi,0
U32,M2,69,0,0,0.64,Sci-Fi,0
U88,M7,92,0,0,0.33,Thriller,1
U22,M11,39,1,0,0.21,Drama,0
U81,M40,73,0,0,0.37,Thriller,1
U40,M14,64,0,0,0.24,Thriller,0
U70,M10,72,0,0,0.6,Thriller,1
U30,M48,56,1,0,0.93,Action,0
U13,M17,54,0,0,0.64,Action,0
U43,M8,29,0,1,0.12,Drama,0
U96,M40,79,1,0,0.75,Thriller,1
U44,M6,18,1,1,0.2,Drama,0
U46,M48,70,1,0,0.17,Drama,0
U62,M4,79,0,0,0.3,Action,1
U23,M2,28,0,1,0.43,Sci-Fi,0
U95,M47,78,1,0,0.19,Action,1
U30,M26,58,0,0,0.94,Sci-Fi,0
U94,M32,79,0,0,0.05,Drama,1
U6,M13,48,0,0,0.44,Sci-Fi,0
U58,M36,66,0,0,0.06,Sci-Fi,0
U34,M41,55,0,0,0.14,Drama,0
U78,M8,40,1,0,0.47,Thriller,0
U32,M9,94,0,0,0.06,Thriller,1
U94,M48,39,0,0,0.28,Sci-Fi,0
U93,M50,64,1,0,0.25,Drama,0
U1,M12,89,0,0,0.43,Comedy,1
U7,M10,98,0,0,0.07,Action,1
U93,M12,54,1,0,0.05,Comedy,0
U22,M13,91,1,0,0.14,Thriller,1
U12,M12,77,0,0,0.77,Drama,1
U66,M42,79,1,0,0.02,Drama,1
U81,M38,84,1,0,0.56,Action,1
U10,M44,80,0,0,0.83,Thriller,1
U28,M31,23,0,1,0.98,Thriller,0
U88,M43,91,0,0,0.73,Sci-Fi,1
U93,M22,46,0,0,0.46,Drama,0
U47,M27,98,1,0,0.97,Action,1
U79,M2,70,0,0,0.15,Thriller,0
U92,M39,77,0,0,0.09,Thriller,1
U94,M41,95,0,0,0.52,Action,1
U98,M39,70,0,0,0.4,Comedy,0
U88,M10,52,0,0,0.71,Comedy,0
U55,M21,26,0,1,0.23,Sci-Fi,0
U31,M39,74,0,0,0.14,Comedy,1
U88,M5,31,1,0,0.67,Sci-Fi,0
U42,M30,25,0,1,0.65,Sci-Fi,0
U76,M45,95,0,0,0.79,Action,1
U66,M6,47,1,0,0.46,Thriller,0
U26,M10,73,0,0,0.5,Sci-Fi,1
U83,M38,41,0,0,0.16,Drama,0
U45,M1,77,0,0,0.52,Drama,1
U100,M7,94,0,0,0.16,Drama,1
U76,M25,23,0,1,0.45,Drama,0
U12,M40,67,0,0,0.56,Action,0
U5,M33,75,0,0,0.46,Comedy,1
U19,M25,81,0,0,0.39,Sci-Fi,1
U16,M37,15,0,1,0.45,Action,0
U2,M46,59,0,0,0.44,Comedy,0
U76,M18,20,0,1,0.52,Action,0
U56,M41,33,0,0,0.76,Comedy,0
U6,M41,94,0,0,0.64,Drama,1
U4,M6,24,1,1,0.53,Action,0
U60,M41,51,0,0,0.56,Drama,0
U73,M36,11,0,1,0.86,Comedy,0
U100,M15,12,1,1,0.17,Drama,0
U93,M20,42,0,0,0.03,Drama,0
U22,M40,17,1,1,0.65,Thriller,0
U66,M14,13,0,1,0.97,Action,0
U94,M10,28,1,1,0.8,Comedy,0
U15,M32,55,0,0,0.99,Action,0
U26,M41,30,0,0,0.32,Action,0
U85,M18,37,1,0,0.43,Thriller,0
U5,M23,36,0,0,0.09,Action,0
U40,M5,77,0,0,0.89,Drama,1
U76,M32,14,1,1,0.34,Drama,0
U62,M16,18,1,1,0.54,Thriller,0
U37,M33,92,0,0,0.99,Thriller,1
U93,M38,75,1,0,0.46,Action,1
U10,M50,94,0,0,0.82,Thriller,1
U69,M7,85,0,0,0.17,Drama,1
U25,M29,30,0,0,0.09,Drama,0
U96,M14,42,0,0,0.14,Drama,0
U23,M2,50,0,0,0.19,Drama,0
U66,M6,84,0,0,0.62,Thriller,1
U39,M41,31,0,0,0.81,Drama,0
U100,M14,24,0,1,0.03,Action,0
U78,M4,25,0,1,0.31,Sci-Fi,0
U9,M20,37,0,0,0.17,Comedy,0
U2,M28,29,0,1,0.84,Drama,0
U23,M37,96,0,0,0.34,Action,1
U98,M21,67,0,0,0.31,Thriller,0
U89,M21,72,0,0,0.76,Comedy,1
U42,M36,62,0,0,0.94,Thriller,0
U48,M5,85,0,0,0.81,Action,1
U21,M8,86,1,0,0.65,Thriller,1
U25,M31,15,0,1,0.56,Comedy,0
U98,M9,55,0,0,0.86,Drama,0
U2,M25,81,0,0,0.41,Action,1
U95,M30,87,0,0,0.02,Thriller,1
U90,M47,49,0,0,0.92,Drama,0
U1,M24,96,0,0,0.71,Thriller,1
U90,M48,60,1,0,0.7,Sci-Fi,0
U79,M16,37,0,0,0.96,Action,0
U12,M14,72,0,0,0.63,Sci-Fi,1
U33,M49,28,1,1,0.11,Action,0
U40,M40,47,0,0,0.07,Thriller,0
U55,M30,90,0,0,0.01,Drama,1
U77,M27,61,0,0,0.6,Drama,0
U90,M45,68,0,0,0.6,Drama,0
U42,M5,77,1,0,0.88,Sci-Fi,1
U83,M25,95,1,0,0.19,Comedy,1
U29,M13,64,0,0,0.84,Comedy,0
U71,M7,57,0,0,0.58,Drama,0
U34,M18,73,0,0,0.57,Action,1
U58,M4,30,0,0,0.83,Comedy,0
U48,M14,76,0,0,0.74,Drama,1
U7,M1,82,1,0,0.67,Sci-Fi,1
U62,M34,90,0,0,0.96,Action,1
U79,M20,17,0,1,0.43,Thriller,0
U34,M38,85,1,0,0.46,Action,1
U38,M22,24,0,1,0.89,Comedy,0
U57,M5,31,0,0,0.63,Thriller,0
U38,M43,29,0,1,0.64,Comedy,0
U57,M16,64,0,0,0.1,Thriller,0
U15,M23,31,0,0,0.97,Sci-Fi,0
U15,M38,75,0,0,0.47,Action,1
U73,M50,10,0,1,0.41,Sci-Fi,0
U97,M28,95,0,0,0.36,Thriller,1
U30,M24,21,0,1,0.91,Drama,0
U18,M49,92,0,0,0.97,Action,1
U72,M43,49,0,0,0.45,Drama,0
U69,M5,93,0,0,0.52,Drama,1
U53,M19,58,0,0,0.22,Comedy,0
U15,M31,52,1,0,0.28,Sci-Fi,0
U63,M26,48,1,0,0.57,Action,0
U33,M19,71,0,0,0.04,Thriller,1
U12,M36,18,1,1,0.28,Comedy,0
U57,M9,26,0,1,0.35,Comedy,0
U95,M19,48,0,0,0.03,Action,0
U70,M47,73,0,0,0.99,Action,1
U14,M3,86,1,0,0.17,Thriller,1
U18,M28,49,0,0,0.41,Action,0
U27,M14,81,0,0,0.26,Action,1
U90,M38,70,0,0,0.82,Drama,0
U65,M25,78,0,0,0.64,Action,1
U76,M48,96,0,0,0.83,Drama,1
U31,M47,58,0,0,0.69,Action,0
U91,M27,75,0,0,0.8,Drama,1
U90,M6,45,0,0,0.12,Thriller,0
U28,M49,37,0,0,0.9,Action,0
U53,M36,85,0,0,0.35,Drama,1
U20,M27,48,0,0,0.65,Thriller,0
U39,M27,83,0,0,0.59,Drama,1
U35,M47,19,0,1,0.14,Drama,0
U42,M12,82,0,0,0.87,Thriller,1
U35,M48,93,0,0,0.74,Drama,1
U100,M33,47,1,0,0.99,Action,0
U19,M31,11,0,1,0.42,Sci-Fi,0
U28,M39,44,0,0,0.08,Comedy,0
U42,M15,88,0,0,0.12,Thriller,1
U45,M23,58,0,0,0.47,Sci-Fi,0
U40,M4,33,0,0,0.85,Action,0
U80,M43,63,1,0,0.4,Thriller,0
U15,M36,54,0,0,0.31,Action,0
U74,M28,39,0,0,0.8,Action,0
U46,M37,76,0,0,0.58,Thriller,1
U90,M27,50,0,0,0.32,Sci-Fi,0
U38,M45,57,0,0,0.37,Comedy,0
U30,M25,42,0,0,0.51,Sci-Fi,0
U53,M8,37,0,0,0.14,Comedy,0
U15,M23,65,0,0,0.95,Drama,0
U22,M49,28,0,1,0.65,Action,0
U28,M48,44,0,0,0.07,Drama,0
U80,M31,20,0,1,0.68,Thriller,0
U21,M4,78,0,0,0.84,Drama,1
U59,M34,65,1,0,0.45,Thriller,0
U70,M13,13,0,1,0.97,Thriller,0
U1,M24,39,0,0,0.51,Sci-Fi,0
U10,M26,84,0,0,0.1,Drama,1
U21,M38,55,0,0,0.39,Comedy,0
U67,M15,60,0,0,0.76,Action,0
U15,M15,24,0,1,0.13,Sci-Fi,0
U30,M8,46,1,0,0.31,Thriller,0
U85,M1,96,0,0,0.99,Thriller,1
U4,M39,82,1,0,0.29,Comedy,1
U2,M29,56,0,0,0.03,Sci-Fi,0
U35,M6,31,0,0,0.15,Action,0
U42,M47,58,0,0,0.17,Drama,0
U70,M25,62,1,0,0.44,Comedy,0
U36,M28,51,1,0,0.71,Drama,0
U75,M45,94,0,0,0.27,Thriller,1
U54,M32,53,1,0,0.54,Thriller,0
U42,M4,10,0,1,0.14,Thriller,0
U74,M20,22,0,1,0.49,Thriller,0
U73,M9,60,0,0,0.73,Thriller,0
U4,M8,91,0,0,0.57,Action,1
U50,M32,28,0,1,0.4,Sci-Fi,0
U83,M44,37,1,0,0.71,Comedy,0
U76,M38,28,0,1,0.59,Sci-Fi,0
U98,M9,20,0,1,0.46,Action,0
U79,M14,30,0,0,0.55,Drama,0
U81,M16,14,0,1,0.28,Drama,0
U62,M11,55,0,0,0.97,Drama,0
U11,M34,28,0,1,0.09,Action,0
U91,M2,61,1,0,0.59,Sci-Fi,0
U54,M16,84,0,0,0.76,Thriller,1
U19,M8,24,0,1,0.92,Sci-Fi,0
U47,M24,90,1,0,0.98,Action,1
U72,M15,91,0,0,0.6,Thriller,1
U12,M27,13,1,1,0.48,Comedy,0
U24,M6,82,0,0,0.0,Drama,1
U6,M22,90,1,0,0.89,Drama,1
U51,M19,28,0,1,0.26,Drama,0
U46,M45,78,0,0,0.63,Thriller,1
U59,M8,40,0,0,0.76,Thriller,0
U60,M29,31,0,0,0.72,Thriller,0
U25,M21,63,0,0,0.63,Drama,0
U41,M33,30,0,0,0.8,Action,0
U41,M34,33,0,0,0.53,Sci-Fi,0
U58,M31,56,1,0,0.2,Thriller,0
U95,M9,35,1,0,0.29,Sci-Fi,0
U45,M6,16,0,1,0.34,Action,0
U74,M18,46,0,0,0.14,Thriller,0
U39,M3,17,0,1,0.66,Sci-Fi,0
U40,M7,10,1,1,0.61,Sci-Fi,0
U43,M11,32,0,0,0.08,Sci-Fi,0
U81,M26,13,0,1,0.07,Action,0
U84,M39,81,0,0,0.81,Comedy,1
U26,M3,54,0,0,0.01,Action,0
U95,M41,92,0,0,0.3,Drama,1
U15,M32,49,0,0,0.84,Action,0
U84,M15,25,0,1,0.15,Thriller,0
U82,M26,99,0,0,0.3,Thriller,1
U34,M29,43,0,0,0.8,Drama,0
U42,M16,87,0,0,0.27,Sci-Fi,1
U75,M50,62,1,0,0.55,Thriller,0
U57,M9,39,1,0,0.6,Drama,0
U93,M17,62,0,0,0.76,Sci-Fi,0
U18,M44,40,1,0,0.5,Drama,0
U75,M18,71,0,0,0.82,Comedy,1
U99,M50,63,0,0,0.68,Comedy,0
U64,M45,23,0,1,0.23,Sci-Fi,0
U49,M11,62,1,0,0.55,Thriller,0
U41,M16,72,0,0,0.92,Comedy,1
U31,M17,17,0,1,0.5,Thriller,0
U9,M33,87,1,0,0.82,Sci-Fi,1
U6,M18,84,0,0,0.4,Sci-Fi,1
U33,M44,66,0,0,0.51,Drama,0
U34,M29,35,0,0,0.59,Comedy,0
U52,M22,90,0,0,0.84,Thriller,1
U33,M15,50,0,0,0.94,Comedy,0
U57,M22,73,0,0,0.1,Drama,1
U49,M9,74,0,0,0.56,Thriller,1
U26,M15,43,0,0,0.79,Sci-Fi,0
U89,M34,24,1,1,0.42,Action,0
U8,M43,79,0,0,0.96,Drama,1
U47,M24,46,0,0,0.04,Drama,0
U47,M48,38,0,0,0.63,Drama,0
U87,M48,64,0,0,0.17,Drama,0
U22,M42,30,1,0,0.18,Sci-Fi,0
U66,M43,33,0,0,0.95,Drama,0
U90,M12,56,1,0,0.27,Action,0
U54,M48,93,0,0,0.64,Sci-Fi,1
U94,M6,51,0,0,0.5,Comedy,0
U56,M8,37,1,0,0.48,Action,0
U49,M30,27,0,1,0.77,Sci-Fi,0
U36,M27,80,0,0,0.42,Sci-Fi,1
U57,M39,22,0,1,0.72,Action,0
U23,M45,18,0,1,0.47,Action,0
U94,M34,65,0,0,0.8,Drama,0
U25,M36,96,0,0,0.3,Drama,1
U38,M16,97,1,0,0.13,Drama,1
U27,M16,12,0,1,0.64,Thriller,0
U89,M19,30,0,0,0.47,Thriller,0
U17,M13,74,1,0,0.29,Comedy,1
U87,M47,22,0,1,0.11,Drama,0
U91,M12,19,0,1,0.1,Comedy,0
U58,M35,83,0,0,0.38,Drama,1
U78,M45,33,1,0,0.71,Thriller,0
U5,M30,23,0,1,0.49,Thriller,0
U82,M32,26,1,1,0.27,Thriller,0
U19,M34,38,0,0,0.96,Action,0
U96,M38,69,0,0,0.76,Action,0
U68,M38,37,0,0,0.22,Action,0
U70,M19,67,1,0,0.58,Comedy,0
U82,M38,51,0,0,0.81,Thriller,0
U16,M22,43,0,0,0.44,Sci-Fi,0
U80,M28,34,0,0,0.52,Comedy,0
U40,M46,66,0,0,0.0,Action,0
U93,M11,52,0,0,0.55,Thriller,0
U22,M17,60,0,0,0.9,Sci-Fi,0
U92,M28,96,0,0,0.46,Action,1
U13,M48,95,0,0,0.9,Comedy,1
U28,M50,38,0,0,0.25,Action,0
U70,M22,37,0,0,0.06,Action,0
U5,M44,53,0,0,0.96,Action,0
U21,M4,18,0,1,0.53,Drama,0
U47,M19,93,0,0,0.96,Drama,1
U6,M34,37,0,0,0.2,Sci-Fi,0
U65,M32,99,0,0,0.14,Comedy,1
U12,M19,35,1,0,0.32,Sci-Fi,0
U37,M44,92,0,0,0.81,Comedy,1
U11,M28,77,0,0,0.67,Action,1
U21,M18,74,0,0,0.92,Comedy,1
U21,M22,97,0,0,0.54,Sci-Fi,1
U82,M18,40,0,0,0.06,Sci-Fi,0
U82,M18,14,0,1,0.23,Comedy,0
U74,M5,63,0,0,0.3,Drama,0
U86,M34,24,0,1,0.95,Comedy,0
U82,M22,55,0,0,0.27,Sci-Fi,0
U83,M28,95,0,0,0.55,Comedy,1
U42,M8,55,0,0,0.04,Sci-Fi,0
U97,M22,15,0,1,0.21,Sci-Fi,0
U19,M32,42,0,0,0.99,Sci-Fi,0
U97,M20,59,1,0,0.24,Sci-Fi,0
U83,M20,79,0,0,0.64,Drama,1
U6,M32,57,0,0,0.95,Comedy,0
U70,M48,71,0,0,0.26,Comedy,1
U25,M41,98,1,0,0.18,Action,1
U13,M32,91,1,0,0.19,Drama,1
U57,M20,38,1,0,0.94,Comedy,0
U49,M45,52,0,0,0.98,Action,0
U90,M8,17,0,1,0.48,Action,0
U22,M21,74,0,0,0.78,Drama,1
U56,M30,93,0,0,0.77,Sci-Fi,1
U94,M23,95,0,0,0.84,Drama,1
U94,M10,45,0,0,0.93,Sci-Fi,0
U30,M34,51,1,0,0.05,Sci-Fi,0
U70,M35,51,0,0,0.85,Thriller,0
U41,M47,81,1,0,0.25,Action,1
U23,M17,36,0,0,0.48,Drama,0
U8,M11,22,0,1,0.9,Sci-Fi,0
U91,M29,63,0,0,0.92,Comedy,0
U98,M21,10,0,1,0.76,Drama,0
U24,M17,76,0,0,0.75,Comedy,1
U51,M8,44,0,0,0.44,Sci-Fi,0
U46,M3,99,0,0,0.79,Sci-Fi,1
U28,M9,93,0,0,0.42,Drama,1
U13,M17,74,0,0,0.19,Drama,1
U35,M9,29,0,1,0.51,Sci-Fi,0
U31,M22,84,0,0,0.23,Thriller,1
U81,M10,74,0,0,0.87,Sci-Fi,1
U15,M44,50,1,0,0.58,Sci-Fi,0
U30,M17,20,0,1,0.43,Drama,0
U82,M43,85,0,0,0.28,Drama,1
U56,M32,69,0,0,0.9,Thriller,0
U6,M41,35,1,0,0.42,Comedy,0
U19,M17,13,1,1,0.89,Drama,0
U77,M38,17,0,1,0.33,Drama,0
U91,M43,55,0,0,0.07,Comedy,0
U18,M24,77,0,0,0.88,Thriller,1
U5,M34,10,0,1,0.81,Action,0
U18,M41,49,0,0,0.73,Action,0
U69,M10,33,0,0,0.82,Sci-Fi,0
U73,M17,43,1,0,0.54,Drama,0
U79,M30,32,1,0,0.39,Comedy,0
U46,M49,62,0,0,0.0,Thriller,0
U22,M44,69,0,0,0.05,Sci-Fi,0
U81,M28,19,0,1,0.2,Drama,0
U23,M5,94,0,0,0.23,Sci-Fi,1
U40,M16,60,0,0,0.19,Thriller,0
U36,M15,85,0,0,0.66,Action,1
U60,M40,50,1,0,0.42,Sci-Fi,0
U18,M5,59,1,0,0.82,Thriller,0
U29,M17,36,0,0,0.13,Sci-Fi,0
U94,M50,56,1,0,0.98,Thriller,0
U42,M29,31,0,0,0.59,Sci-Fi,0
U8,M35,25,0,1,0.54,Thriller,0
U100,M12,83,0,0,0.27,Drama,1
U65,M27,18,0,1,0.63,Sci-Fi,0
U3,M30,95,0,0,0.6,Action,1
U61,M34,61,0,0,0.13,Drama,0
U62,M19,74,0,0,0.17,Sci-Fi,1
U72,M30,90,1,0,0.83,Action,1
U24,M35,24,0,1,0.46,Comedy,0
U35,M3,10,0,1,0.13,Sci-Fi,0
U73,M21,66,0,0,0.81,Action,0
U86,M11,82,0,0,0.34,Thriller,1
U67,M22,61,0,0,0.12,Action,0
U75,M15,58,0,0,0.56,Comedy,0
U17,M34,64,0,0,0.31,Comedy,0
U50,M23,99,0,0,0.79,Comedy,1
U71,M23,77,0,0,0.03,Action,1
U1,M15,44,0,0,0.7,Drama,0
U99,M14,23,1,1,0.1,Action,0
U52,M23,97,0,0,0.82,Comedy,1
U26,M20,58,0,0,0.43,Action,0
U19,M44,78,0,0,0.86,Drama,1
U60,M20,22,1,1,0.71,Action,0
U34,M5,28,0,1,0.13,Thriller,0
U20,M1,83,1,0,0.68,Drama,1
U6,M6,53,0,0,0.87,Drama,0
U48,M25,66,0,0,0.25,Comedy,0
U94,M11,65,1,0,0.85,Comedy,0
U23,M21,92,0,0,0.25,Thriller,1
U48,M24,81,0,0,0.55,Thriller,1
U51,M45,62,0,0,0.35,Thriller,0
U16,M48,26,1,1,0.43,Sci-Fi,0
U22,M1,37,0,0,0.07,Thriller,0
U5,M41,68,0,0,0.08,Action,0
U53,M26,28,0,1,0.07,Drama,0
U67,M31,56,0,0,0.98,Thriller,0
U9,M26,93,0,0,0.63,Comedy,1
U64,M6,23,0,1,0.79,Action,0
U28,M44,29,0,1,0.28,Drama,0
U81,M5,83,1,0,0.01,Drama,1
U7,M33,71,0,0,0.18,Action,1
U47,M34,15,0,1,0.98,Comedy,0
U27,M25,50,0,0,0.7,Thriller,0
U16,M28,50,0,0,0.52,Comedy,0
U60,M28,80,0,0,0.21,Thriller,1
U98,M12,98,0,0,0.63,Thriller,1
U51,M12,33,0,0,0.97,Comedy,0
U51,M41,52,0,0,0.17,Thriller,0
U66,M47,29,0,1,0.09,Comedy,0
U34,M8,28,0,1,0.65,Comedy,0
U78,M32,39,0,0,0.7,Action,0
U80,M40,15,0,1,0.68,Comedy,0
U73,M50,57,0,0,0.53,Thriller,0
U4,M31,68,0,0,0.87,Action,0
U63,M12,74,0,0,0.45,Action,1
U68,M48,62,1,0,0.74,Sci-Fi,0
U79,M7,57,0,0,0.77,Thriller,0
U54,M33,39,0,0,0.41,Thriller,0
U67,M4,54,0,0,0.25,Thriller,0
U39,M28,45,1,0,0.22,Comedy,0
U36,M20,82,1,0,0.19,Comedy,1
U45,M43,41,0,0,0.66,Action,0
U62,M46,83,0,0,0.43,Sci-Fi,1
U13,M12,44,1,0,0.08,Thriller,0
U77,M46,34,0,0,0.26,Action,0
U1,M12,82,0,0,1.0,Sci-Fi,1
U5,M8,26,0,1,0.67,Drama,0
U40,M40,59,0,0,0.09,Thriller,0
U15,M22,32,0,0,0.91,Comedy,0
U34,M31,72,0,0,0.02,Sci-Fi,1
U3,M8,52,0,0,0.06,Comedy,0
U59,M10,70,0,0,0.22,Drama,0
U6,M31,42,0,0,0.08,Sci-Fi,0
U15,M47,57,0,0,0.88,Sci-Fi,0
U58,M31,28,0,1,0.28,Comedy,0
U31,M42,55,0,0,0.51,Comedy,0
U44,M3,17,0,1,0.37,Sci-Fi,0
U28,M10,82,0,0,0.8,Comedy,1
U72,M6,48,0,0,0.37,Thriller,0
U100,M13,63,1,0,0.04,Action,0
U23,M11,68,0,0,0.63,Comedy,0
U14,M7,69,1,0,0.5,Action,0
U50,M18,46,0,0,0.42,Drama,0
U47,M20,72,0,0,0.44,Comedy,1
U61,M23,66,0,0,0.59,Action,0
U5,M4,16,0,1,0.49,Comedy,0
U21,M49,77,0,0,0.28,Action,1
U18,M10,12,0,1,0.66,Thriller,0
U96,M24,10,1,1,0.11,Sci-Fi,0
U70,M34,38,0,0,0.19,Action,0
U64,M47,30,0,0,0.72,Action,0
U69,M22,56,0,0,0.11,Drama,0
U29,M36,78,0,0,0.92,Comedy,1
U26,M31,36,0,0,0.54,Sci-Fi,0
U94,M29,30,0,0,0.08,Comedy,0
U26,M38,97,0,0,0.31,Drama,1
U81,M10,41,1,0,0.79,Drama,0
U37,M6,58,0,0,0.94,Thriller,0
U95,M26,94,1,0,0.08,Thriller,1
U21,M36,44,0,0,0.52,Comedy,0
U73,M29,14,0,1,0.84,Action,0
U15,M48,96,0,0,0.41,Sci-Fi,1
U60,M34,95,0,0,0.46,Action,1
U74,M21,96,0,0,0.69,Sci-Fi,1
U35,M12,32,0,0,0.74,Comedy,0
U83,M21,94,0,0,0.73,Sci-Fi,1
U34,M44,27,0,1,0.54,Drama,0
U91,M10,39,0,0,0.17,Action,0
U95,M25,51,1,0,0.12,Action,0
U73,M26,45,0,0,0.21,Comedy,0
U93,M47,20,0,1,0.06,Thriller,0
U56,M43,28,0,1,0.75,Comedy,0
U53,M23,33,0,0,0.56,Drama,0
U32,M44,56,0,0,0.87,Action,0
U64,M8,76,0,0,0.7,Action,1
U100,M24,74,0,0,0.33,Drama,1
U42,M29,22,1,1,0.63,Action,0
U36,M3,57,1,0,0.7,Sci-Fi,0
U84,M11,73,1,0,0.44,Thriller,1
U35,M26,97,0,0,0.21,Drama,1
U56,M31,78,0,0,0.68,Comedy,1
U34,M13,67,0,0,0.42,Thriller,0
U7,M36,71,0,0,0.07,Drama,1
U88,M38,12,0,1,0.63,Sci-Fi,0
U64,M2,41,0,0,0.88,Sci-Fi,0
U58,M42,63,0,0,0.54,Action,0
U35,M28,74,0,0,0.87,Thriller,1
U47,M6,50,0,0,0.33,Thriller,0
U80,M23,80,0,0,0.18,Comedy,1
U18,M32,75,0,0,0.48,Sci-Fi,1
U8,M36,20,0,1,0.39,Thriller,0
U37,M24,27,1,1,0.2,Thriller,0
U98,M16,17,1,1,0.39,Action,0
U22,M42,66,0,0,0.85,Drama,0
U51,M42,66,1,0,0.45,Sci-Fi,0
U94,M39,86,1,0,0.43,Sci-Fi,1
U98,M48,73,1,0,0.04,Action,1
U18,M4,76,0,0,0.35,Action,1
U27,M37,73,0,0,0.71,Action,1
U78,M28,13,0,1,0.72,Sci-Fi,0
U71,M42,39,0,0,0.66,Thriller,0
U21,M42,58,0,0,0.63,Action,0
U88,M24,70,0,0,0.05,Drama,0
U59,M11,45,0,0,0.58,Comedy,0
U74,M32,54,0,0,0.68,Drama,0
U45,M6,90,0,0,0.21,Action,1
U96,M19,53,0,0,0.17,Comedy,0
U4,M26,18,0,1,0.39,Thriller,0
U1,M26,67,1,0,0.76,Sci-Fi,0
U58,M46,12,0,1,0.77,Comedy,0
U56,M47,95,0,0,0.31,Sci-Fi,1
U87,M45,70,0,0,0.27,Comedy,0
U97,M22,17,0,1,0.19,Thriller,0
U85,M45,68,1,0,0.87,Thriller,0
U5,M48,19,0,1,0.19,Sci-Fi,0
U23,M19,90,0,0,0.13,Drama,1
U56,M19,99,0,0,0.96,Comedy,1
U14,M38,71,0,0,0.26,Thriller,1
U98,M16,47,0,0,0.23,Sci-Fi,0
U23,M30,54,1,0,0.46,Thriller,0
U39,M19,22,0,1,0.82,Drama,0
U48,M16,83,0,0,0.81,Drama,1
U88,M39,13,0,1,0.98,Comedy,0
U44,M40,97,0,0,0.7,Comedy,1
U78,M12,85,0,0,0.22,Action,1
U29,M27,46,0,0,0.03,Thriller,0
U35,M7,30,1,0,0.82,Drama,0
U32,M19,69,0,0,0.67,Drama,0
U63,M31,15,0,1,0.2,Action,0
U2,M43,38,0,0,0.67,Sci-Fi,0
U38,M12,27,1,1,0.25,Action,0
U17,M43,63,0,0,0.97,Sci-Fi,0
U22,M19,36,1,0,0.33,Action,0
U68,M33,40,1,0,0.67,Thriller,0
U52,M8,76,1,0,0.24,Thriller,1
U71,M26,24,0,1,0.32,Drama,0
U63,M32,44,0,0,0.36,Thriller,0
U13,M37,63,0,0,0.31,Sci-Fi,0
U82,M50,57,0,0,0.02,Thriller,0
U41,M6,40,0,0,0.62,Comedy,0
U92,M49,41,0,0,0.51,Comedy,0
U90,M33,67,0,0,0.62,Thriller,0
U99,M39,94,0,0,0.39,Drama,1
U71,M4,77,1,0,0.76,Sci-Fi,1
U32,M35,52,0,0,0.14,Drama,0
U32,M8,34,0,0,0.6,Sci-Fi,0
U3,M46,33,0,0,0.37,Sci-Fi,0
U39,M33,37,0,0,0.21,Comedy,0
U71,M44,60,0,0,0.49,Drama,0
U40,M46,51,0,0,0.59,Sci-Fi,0
U68,M39,84,1,0,0.83,Sci-Fi,1
U54,M33,36,0,0,0.37,Action,0
U66,M19,96,1,0,0.63,Thriller,1
U42,M20,96,0,0,0.7,Comedy,1
U67,M10,63,0,0,0.16,Drama,0
U29,M23,73,1,0,0.41,Action,1
U20,M24,85,0,0,0.58,Drama,1
U69,M3,90,1,0,0.17,Action,1
U40,M20,29,0,1,0.02,Sci-Fi,0
U57,M33,68,0,0,0.84,Thriller,0
U30,M40,29,1,1,0.54,Drama,0
U12,M38,65,1,0,0.88,Action,0
U11,M30,75,0,0,0.28,Drama,1
U74,M28,45,0,0,0.74,Drama,0
U25,M33,49,0,0,0.7,Action,0
U58,M8,38,0,0,0.08,Sci-Fi,0
U10,M20,93,1,0,0.88,Thriller,1
U64,M4,71,0,0,0.5,Sci-Fi,1
U50,M39,68,1,0,0.2,Drama,0
U80,M30,62,1,0,0.88,Thriller,0
U48,M42,82,1,0,0.03,Comedy,1
U38,M36,90,0,0,0.97,Sci-Fi,1
U95,M41,17,1,1,0.78,Action,0
U98,M6,29,0,1,0.44,Thriller,0
U37,M14,21,1,1,0.85,Comedy,0
U25,M23,38,0,0,0.39,Action,0
U47,M46,59,0,0,0.17,Comedy,0
U9,M4,29,0,1,0.94,Action,0
U92,M1,41,0,0,0.15,Action,0
U17,M12,12,1,1,0.17,Drama,0
U58,M23,81,0,0,0.28,Drama,1
U3,M50,20,0,1,0.3,Thriller,0
U35,M20,65,0,0,0.26,Sci-Fi,0
U76,M28,58,0,0,0.3,Comedy,0
U76,M21,45,0,0,0.81,Action,0
U46,M41,91,0,0,0.86,Thriller,1
U37,M26,96,0,0,0.83,Comedy,1
U96,M20,20,0,1,0.8,Thriller,0
U32,M9,78,0,0,0.78,Action,1
U83,M7,33,0,0,0.27,Sci-Fi,0
U46,M21,71,1,0,0.44,Drama,1
U14,M11,66,0,0,0.28,Comedy,0
U78,M28,18,0,1,0.35,Sci-Fi,0
U74,M24,27,0,1,0.78,Drama,0
U5,M14,24,0,1,0.04,Sci-Fi,0
U85,M25,48,0,0,0.77,Comedy,0
U46,M2,49,0,0,0.2,Drama,0
U85,M47,91,0,0,0.66,Action,1
U26,M35,85,0,0,0.84,Thriller,1
U87,M50,80,0,0,0.8,Action,1
U19,M4,25,0,1,0.45,Drama,0
U19,M31,98,0,0,0.9,Thriller,1
U25,M15,90,1,0,0.51,Drama,1
U26,M9,86,0,0,0.49,Action,1
U52,M26,63,0,0,0.55,Sci-Fi,0
U64,M13,34,0,0,0.28,Drama,0
U43,M32,72,0,0,0.19,Action,1
U1,M10,76,0,0,0.18,Sci-Fi,1
U98,M26,89,0,0,0.93,Thriller,1
U90,M30,81,0,0,0.37,Comedy,1
U73,M36,15,0,1,0.8,Comedy,0
U78,M49,12,1,1,0.34,Thriller,0
U20,M10,68,1,0,0.8,Comedy,0
U18,M29,71,1,0,0.03,Comedy,1
U66,M37,40,0,0,0.87,Thriller,0
U12,M1,31,0,0,0.62,Drama,0
U17,M43,51,0,0,0.63,Sci-Fi,0
U39,M38,86,0,0,0.27,Comedy,1
U83,M17,10,0,1,0.09,Action,0
U16,M27,67,0,0,0.95,Action,0
U9,M4,32,0,0,0.21,Comedy,0
U46,M33,99,0,0,0.59,Sci-Fi,1
U50,M6,37,0,0,0.15,Sci-Fi,0
U30,M30,11,0,1,0.51,Sci-Fi,0
U58,M29,39,1,0,0.77,Action,0
U58,M44,91,0,0,0.03,Thriller,1
U67,M32,30,0,0,0.65,Drama,0
U6,M45,92,0,0,0.91,Sci-Fi,1
U14,M30,83,0,0,0.12,Thriller,1
U53,M13,61,0,0,0.85,Action,0
U94,M34,18,1,1,0.16,Thriller,0
U51,M1,84,0,0,0.24,Drama,1
U45,M38,24,0,1,0.77,Drama,0
U80,M9,66,0,0,0.92,Thriller,0
U73,M31,21,0,1,0.8,Comedy,0
U23,M32,71,0,0,0.57,Action,1
U64,M39,26,0,1,0.56,Thriller,0
U44,M13,94,0,0,0.93,Action,1
U33,M50,15,0,1,0.32,Drama,0
U83,M19,73,0,0,0.09,Action,1
U34,M24,58,0,0,0.35,Sci-Fi,0
U79,M13,58,0,0,0.29,Action,0
U30,M13,92,0,0,0.6,Action,1
U36,M2,15,0,1,0.32,Drama,0
U43,M10,75,0,0,0.6,Action,1
U33,M11,77,0,0,0.91,Comedy,1
U27,M7,45,1,0,0.01,Drama,0
U90,M28,41,0,0,0.35,Comedy,0
U50,M25,69,1,0,0.31,Thriller,0
U48,M39,65,0,0,0.26,Action,0
U100,M9,91,1,0,0.54,Action,1
U12,M26,85,0,0,0.37,Comedy,1
U7,M2,13,0,1,0.16,Action,0
U83,M20,25,0,1,0.27,Sci-Fi,0
U25,M32,23,0,1,0.91,Thriller,0
U67,M28,76,0,0,0.47,Sci-Fi,1
U79,M17,82,0,0,0.75,Comedy,1
U30,M22,19,0,1,0.29,Thriller,0
U85,M45,76,0,0,0.06,Drama,1
U73,M25,24,0,1,0.86,Sci-Fi,0
U97,M8,53,0,0,0.4,Action,0
U94,M48,59,1,0,0.91,Comedy,0
U89,M48,96,0,0,0.11,Action,1
U2,M46,98,0,0,0.94,Comedy,1
U35,M8,30,0,0,0.83,Comedy,0
U47,M10,95,0,0,0.49,Drama,1
U68,M32,47,0,0,0.95,Sci-Fi,0
U47,M6,61,0,0,0.63,Drama,0
U50,M32,97,0,0,0.55,Comedy,1
U77,M31,56,0,0,0.58,Sci-Fi,0
U42,M2,30,1,0,0.57,Comedy,0
U71,M38,32,0,0,0.41,Drama,0
U92,M14,19,0,1,0.01,Action,0
U93,M49,84,1,0,0.1,Drama,1
U92,M23,62,0,0,0.12,Thriller,0
U100,M19,78,0,0,0.59,Thriller,1
U75,M5,74,0,0,0.62,Drama,1
U47,M39,20,0,1,0.1,Sci-Fi,0
U43,M12,99,0,0,0.75,Thriller,1
U76,M5,73,1,0,0.82,Drama,1
U97,M49,82,0,0,0.78,Thriller,1
U67,M17,65,0,0,0.05,Action,0
U73,M40,61,0,0,0.52,Comedy,0
U26,M14,31,0,0,0.61,Sci-Fi,0
U63,M3,74,0,0,0.69,Thriller,1
U87,M47,51,1,0,0.82,Action,0
U18,M49,47,1,0,0.79,Action,0
U17,M31,71,1,0,0.33,Drama,1
U69,M29,99,0,0,0.83,Action,1
U72,M32,87,1,0,0.57,Sci-Fi,1
U92,M6,23,0,1,0.81,Comedy,0
U48,M11,63,0,0,0.78,Action,0
U19,M27,40,0,0,0.93,Thriller,0
U5,M6,15,0,1,0.08,Comedy,0
U99,M1,32,0,0,0.03,Comedy,0
U21,M37,14,0,1,0.25,Sci-Fi,0
U32,M3,68,0,0,0.97,Drama,0
U66,M16,26,1,1,0.84,Thriller,0
U58,M45,16,0,1,0.12,Drama,0
U27,M40,28,0,1,0.04,Comedy,0
U87,M29,44,0,0,0.35,Thriller,0
U54,M5,44,0,0,0.83,Sci-Fi,0
U17,M33,33,0,0,0.37,Drama,0
U22,M30,59,0,0,0.35,Action,0
U38,M27,22,0,1,0.54,Drama,0
U50,M38,46,0,0,0.4,Thriller,0
U61,M3,77,0,0,0.03,Comedy,1
U42,M46,25,0,1,0.42,Thriller,0
U17,M4,37,0,0,0.71,Drama,0
U66,M9,12,0,1,0.5,Drama,0
U57,M39,52,0,0,0.31,Sci-Fi,0
U24,M16,75,1,0,0.93,Drama,1
U35,M5,66,0,0,0.09,Thriller,0
U16,M29,27,0,1,0.78,Action,0
U70,M4,48,0,0,0.82,Action,0
U98,M15,54,0,0,0.01,Drama,0
U90,M29,65,1,0,0.43,Comedy,0
U98,M43,13,0,1,0.5,Comedy,0
U91,M6,27,0,1,0.55,Drama,0
U91,M15,82,0,0,0.57,Thriller,1
U22,M46,72,0,0,0.01,Thriller,1
U15,M48,26,0,1,0.32,Comedy,0
U90,M30,90,0,0,0.35,Comedy,1
U55,M34,95,1,0,0.44,Drama,1
U14,M22,74,0,0,0.78,Action,1
U89,M1,20,0,1,0.78,Drama,0
U24,M3,18,0,1,0.66,Action,0
U33,M48,27,0,1,0.94,Drama,0
U91,M11,32,0,0,0.89,Sci-Fi,0
U19,M42,78,0,0,0.55,Action,1
U57,M23,39,0,0,0.13,Sci-Fi,0
U8,M25,34,0,0,0.72,Sci-Fi,0
U56,M20,67,0,0,0.8,Action,0
U49,M25,34,0,0,0.6,Action,0
U86,M41,19,0,1,0.02,Drama,0
U98,M22,30,1,0,0.3,Thriller,0
U25,M30,90,0,0,0.87,Action,1
U4,M41,85,0,0,0.93,Comedy,1
U50,M13,84,0,0,0.01,Drama,1
U88,M25,68,0,0,0.01,Drama,0
U82,M41,56,0,0,0.7,Sci-Fi,0
U39,M23,69,0,0,0.97,Sci-Fi,0
U49,M42,11,0,1,0.54,Thriller,0
U51,M19,88,0,0,0.9,Drama,1
U32,M20,55,0,0,0.09,Action,0
U24,M27,22,1,1,0.81,Comedy,0
U63,M41,90,0,0,0.82,Action,1
U90,M2,78,0,0,0.19,Action,1
U14,M31,56,1,0,0.08,Comedy,0
U71,M27,25,0,1,0.66,Action,0
U93,M10,61,0,0,0.44,Drama,0
U8,M30,76,0,0,0.69,Thriller,1
U24,M44,61,0,0,0.57,Action,0
U86,M28,73,0,0,0.91,Drama,1
U11,M17,38,0,0,0.27,Comedy,0
U67,M36,45,0,0,0.13,Drama,0
U40,M7,27,0,1,0.03,Sci-Fi,0
U66,M45,54,0,0,0.8,Comedy,0
U80,M34,52,0,0,0.26,Action,0
U16,M20,31,0,0,0.31,Sci-Fi,0
U6,M12,82,0,0,0.41,Drama,1
U82,M22,79,1,0,0.79,Sci-Fi,1
U62,M37,29,0,1,0.82,Drama,0
U21,M7,91,0,0,0.66,Thriller,1
U29,M42,84,0,0,0.67,Sci-Fi,1
U14,M4,53,0,0,0.99,Sci-Fi,0
U52,M38,16,0,1,0.17,Comedy,0
U52,M48,40,0,0,0.58,Sci-Fi,0
U63,M21,70,0,0,0.99,Comedy,0
U19,M44,41,0,0,0.41,Action,0
U16,M44,11,0,1,0.67,Thriller,0
U11,M38,25,0,1,0.02,Action,0
U69,M16,40,0,0,0.82,Drama,0
U100,M5,94,0,0,0.02,Thriller,1
U34,M3,59,0,0,0.47,Thriller,0
U56,M17,84,1,0,0.29,Action,1
U96,M26,62,0,0,0.25,Comedy,0
U89,M49,33,0,0,0.06,Sci-Fi,0
U75,M44,84,1,0,0.67,Comedy,1
U72,M4,76,0,0,0.68,Comedy,1
U47,M32,63,0,0,0.68,Comedy,0
U3,M15,69,0,0,0.38,Drama,0
U59,M18,37,0,0,0.23,Sci-Fi,0
U45,M42,69,1,0,0.32,Sci-Fi,0
U48,M35,51,0,0,0.65,Action,0
U11,M29,31,0,0,0.7,Thriller,0
U15,M46,36,0,0,0.34,Thriller,0
U69,M39,99,0,0,0.41,Action,1
U59,M39,82,0,0,0.01,Comedy,1
U37,M39,57,0,0,0.63,Drama,0
U50,M15,74,0,0,0.72,Comedy,1
U62,M25,36,0,0,0.81,Action,0
U31,M40,75,0,0,0.89,Drama,1
U1,M2,37,0,0,0.02,Drama,0
U75,M24,30,0,0,0.09,Action,0
U76,M13,27,0,1,0.8,Sci-Fi,0
U34,M29,67,0,0,0.14,Thriller,0
U86,M38,45,1,0,0.73,Comedy,0
U28,M11,89,1,0,0.61,Action,1
U9,M22,42,1,0,0.61,Sci-Fi,0
U50,M11,47,0,0,0.0,Drama,0
U49,M20,25,0,1,0.66,Comedy,0
U69,M17,87,0,0,0.04,Comedy,1
U31,M18,21,0,1,0.67,Action,0
U5,M34,23,0,1,0.13,Sci-Fi,0
U85,M15,24,0,1,0.83,Comedy,0
U86,M33,53,0,0,0.1,Thriller,0
U88,M13,96,0,0,0.78,Drama,1
U57,M46,88,1,0,0.01,Drama,1
U43,M38,26,0,1,0.15,Thriller,0
U27,M22,71,0,0,0.85,Thriller,1
U72,M28,93,0,0,0.51,Thriller,1
U34,M40,79,1,0,0.38,Comedy,1
U46,M27,75,0,0,0.39,Comedy,1
U39,M40,98,0,0,0.48,Action,1
U71,M46,53,0,0,0.18,Thriller,0
U36,M20,63,0,0,0.53,Drama,0
U82,M43,99,0,0,0.89,Action,1
U33,M47,76,1,0,0.33,Thriller,1
U99,M10,10,0,1,0.67,Comedy,0
U46,M21,79,0,0,0.69,Drama,1
U15,M31,42,0,0,0.13,Thriller,0
U69,M44,85,0,0,0.26,Thriller,1
U77,M50,48,1,0,0.5,Sci-Fi,0
U22,M45,54,0,0,0.67,Sci-Fi,0
U63,M7,66,0,0,0.44,Action,0
U66,M49,62,0,0,0.23,Action,0
U81,M36,81,0,0,0.96,Comedy,1
U39,M15,35,0,0,0.28,Action,0
U91,M33,18,0,1,0.06,Comedy,0
U7,M39,48,1,0,0.47,Sci-Fi,0
U1,M24,64,0,0,0.64,Action,0
U16,M29,36,1,0,0.52,Thriller,0
U75,M49,28,0,1,0.25,Action,0
U75,M31,51,0,0,0.98,Comedy,0
U93,M30,81,0,0,0.73,Action,1
U46,M8,16,0,1,0.47,Comedy,0
U25,M7,34,0,0,0.77,Comedy,0
U23,M22,21,0,1,0.91,Comedy,0
U41,M8,55,0,0,0.92,Action,0
U24,M9,22,0,1,0.7,Action,0
U68,M6,66,1,0,0.63,Comedy,0
U95,M32,58,0,0,0.31,Sci-Fi,0
U30,M35,63,0,0,0.79,Sci-Fi,0
U23,M48,37,0,0,0.35,Thriller,0
U98,M1,34,0,0,0.34,Sci-Fi,0
U72,M9,45,0,0,0.06,Sci-Fi,0
U48,M1,26,0,1,0.11,Thriller,0
U73,M23,54,0,0,0.88,Thriller,0
U99,M17,60,0,0,0.61,Comedy,0
U22,M1,62,0,0,0.65,Sci-Fi,0
U15,M47,47,0,0,0.41,Comedy,0
U40,M2,16,0,1,0.95,Sci-Fi,0
U84,M3,50,0,0,0.26,Thriller,0
U7,M36,59,0,0,0.34,Sci-Fi,0
U68,M18,10,0,1,0.68,Drama,0
U18,M18,13,0,1,0.21,Comedy,0
U35,M21,99,0,0,0.04,Comedy,1
U49,M37,59,1,0,0.58,Drama,0
U89,M27,33,1,0,0.54,Drama,0
U82,M41,52,0,0,0.91,Drama,0
U54,M17,27,0,1,0.88,Comedy,0
U81,M2,56,1,0,0.37,Thriller,0
U74,M45,46,0,0,0.94,Comedy,0
U57,M21,99,0,0,0.5,Comedy,1
U32,M40,39,0,0,0.48,Sci-Fi,0
U26,M32,21,1,1,0.78,Drama,0
U69,M23,62,0,0,0.68,Thriller,0
U16,M45,67,1,0,0.33,Sci-Fi,0
U21,M42,15,0,1,0.04,Sci-Fi,0
U70,M27,95,0,0,0.42,Comedy,1
U35,M34,39,0,0,0.48,Sci-Fi,0
U26,M12,21,1,1,0.02,Drama,0
U80,M15,18,1,1,0.01,Comedy,0
U74,M49,38,0,0,0.13,Comedy,0
U8,M14,24,0,1,0.02,Thriller,0
U69,M26,53,0,0,0.6,Action,0
U49,M25,52,0,0,0.75,Action,0
U71,M8,67,0,0,0.05,Action,0
U33,M35,20,1,1,0.59,Action,0
U93,M24,97,0,0,0.83,Thriller,1
U75,M24,15,0,1,0.45,Thriller,0
U8,M35,94,0,0,0.96,Action,1
U14,M47,23,0,1,0.42,Comedy,0
U47,M7,60,0,0,0.57,Comedy,0
U21,M36,54,1,0,0.82,Sci-Fi,0
U54,M36,78,0,0,0.52,Sci-Fi,1
U38,M44,83,0,0,0.37,Sci-Fi,1
U50,M31,80,0,0,0.16,Sci-Fi,1
U35,M8,92,0,0,0.24,Action,1
U45,M11,44,0,0,0.4,Action,0
U74,M3,86,1,0,0.88,Action,1
U9,M38,17,1,1,0.15,Comedy,0
U96,M6,13,0,1,0.03,Comedy,0
U94,M29,17,0,1,0.57,Comedy,0
U42,M25,18,0,1,0.96,Thriller,0
U96,M37,80,0,0,0.04,Action,1
U69,M14,50,1,0,0.52,Comedy,0
U48,M23,53,0,0,0.95,Action,0
U73,M16,81,0,0,0.08,Comedy,1
U71,M8,21,1,1,0.8,Sci-Fi,0
U89,M34,87,0,0,0.36,Action,1
U62,M15,52,0,0,0.73,Thriller,0
U24,M23,34,0,0,0.38,Thriller,0
U16,M10,87,0,0,0.67,Comedy,1
U22,M29,72,0,0,0.64,Thriller,1
U23,M49,36,0,0,0.41,Sci-Fi,0
U74,M7,93,0,0,0.02,Action,1
U73,M22,76,1,0,0.55,Sci-Fi,1
U26,M43,33,0,0,0.39,Action,0
U18,M45,22,0,1,0.05,Thriller,0
U88,M46,91,0,0,0.68,Sci-Fi,1
U32,M49,54,0,0,0.92,Thriller,0
U75,M18,86,0,0,0.35,Comedy,1
U81,M18,84,1,0,0.32,Comedy,1
U96,M50,35,1,0,0.83,Drama,0
U72,M37,53,0,0,0.63,Comedy,0
U30,M38,52,1,0,0.18,Drama,0
U79,M9,28,0,1,0.73,Drama,0
U47,M6,69,0,0,0.83,Comedy,0
U40,M6,61,1,0,0.06,Action,0
U54,M22,35,1,0,0.65,Sci-Fi,0
U32,M25,49,0,0,0.4,Comedy,0
U3,M20,96,0,0,0.06,Thriller,1
U24,M32,37,0,0,0.4,Drama,0
U27,M43,55,0,0,0.73,Drama,0
U13,M23,95,1,0,0.91,Action,1
U98,M2,34,0,0,0.35,Thriller,0
U57,M49,73,0,0,0.7,Sci-Fi,1
U14,M26,39,1,0,0.35,Action,0
U17,M2,88,0,0,0.47,Drama,1
U43,M1,32,0,0,0.22,Comedy,0
U1,M30,97,0,0,0.03,Comedy,1
U10,M24,51,0,0,0.04,Thriller,0
U99,M32,15,0,1,0.74,Action,0
U18,M21,66,0,0,0.74,Comedy,0
U64,M7,54,0,0,0.13,Sci-Fi,0
U64,M13,26,0,1,0.18,Comedy,0
U97,M1,67,0,0,0.5,Action,0
U50,M30,47,0,0,0.32,Drama,0
U89,M1,75,1,0,0.17,Action,1
U2,M39,33,0,0,0.71,Drama,0
U100,M24,97,0,0,0.9,Drama,1
U46,M41,34,0,0,0.86,Drama,0
U12,M9,98,0,0,0.63,Comedy,1
U23,M31,32,0,0,0.75,Drama,0
U4,M4,82,0,0,0.18,Sci-Fi,1
U2,M33,43,0,0,0.79,Drama,0
U99,M29,27,0,1,0.56,Drama,0
U15,M40,15,0,1,0.07,Action,0
U8,M45,57,0,0,0.72,Sci-Fi,0
U80,M5,19,0,1,0.21,Action,0
U18,M43,69,0,0,0.36,Drama,0
U74,M10,24,0,1,0.86,Sci-Fi,0
U70,M35,18,0,1,0.27,Action,0
U27,M6,24,0,1,0.89,Sci-Fi,0
U44,M5,14,0,1,0.66,Comedy,0
U14,M41,11,1,1,0.02,Sci-Fi,0
U94,M37,83,0,0,0.13,Sci-Fi,1
U55,M40,76,0,0,0.23,Comedy,1
U7,M21,18,0,1,0.0,Sci-Fi,0
U56,M24,51,1,0,0.5,Drama,0
U88,M43,21,0,1,0.91,Thriller,0
U92,M37,82,0,0,0.31,Sci-Fi,1
U100,M36,65,1,0,0.62,Drama,0
U34,M21,73,0,0,0.93,Action,1
U75,M2,87,0,0,0.89,Comedy,1
U5,M29,98,0,0,0.33,Comedy,1
U33,M8,64,0,0,0.67,Thriller,0
U42,M17,22,0,1,0.63,Drama,0
U85,M36,79,0,0,0.15,Thriller,1
U11,M3,84,0,0,0.75,Comedy,1
U3,M32,92,0,0,0.01,Thriller,1
U59,M6,71,0,0,0.91,Thriller,1
U14,M2,77,0,0,0.32,Thriller,1
U68,M37,44,1,0,0.18,Sci-Fi,0
U88,M47,16,0,1,0.79,Comedy,0
U35,M19,25,0,1,0.11,Thriller,0
U97,M17,81,0,0,0.6,Action,1
U96,M2,92,1,0,0.3,Drama,1
U93,M41,86,1,0,0.79,Drama,1
U29,M34,45,0,0,0.69,Comedy,0
U15,M42,96,1,0,0.33,Drama,1
U56,M2,64,0,0,0.65,Thriller,0
U90,M17,35,0,0,0.31,Drama,0
U39,M40,37,1,0,0.86,Drama,0
U72,M48,87,0,0,0.08,Thriller,1
U6,M42,63,0,0,0.75,Sci-Fi,0
U38,M1,81,1,0,0.29,Thriller,1
U78,M1,95,1,0,0.13,Action,1
U26,M36,10,0,1,0.08,Thriller,0
U13,M36,77,0,0,0.64,Drama,1
U46,M18,16,0,1,0.48,Drama,0
U98,M45,80,0,0,0.17,Thriller,1
U99,M29,84,0,0,0.64,Comedy,1
U36,M31,72,0,0,0.51,Drama,1
U11,M29,90,0,0,0.83,Comedy,1
U23,M48,12,0,1,0.11,Drama,0
U19,M45,23,0,1,0.7,Sci-Fi,0
U37,M13,40,0,0,0.3,Drama,0
U39,M14,32,0,0,0.31,Action,0
U73,M42,88,0,0,0.35,Sci-Fi,1
U5,M27,59,0,0,0.27,Sci-Fi,0
U73,M18,12,0,1,0.86,Sci-Fi,0
U58,M31,97,1,0,0.58,Comedy,1
U45,M3,22,1,1,0.37,Comedy,0
U66,M6,87,0,0,0.52,Sci-Fi,1
U82,M6,80,1,0,0.51,Drama,1
U67,M5,34,0,0,0.98,Thriller,0
U68,M41,63,0,0,0.45,Action,0
U35,M38,98,0,0,0.42,Comedy,1
U20,M19,94,0,0,0.82,Sci-Fi,1
U92,M22,25,1,1,0.67,Comedy,0
U8,M39,52,0,0,0.26,Drama,0
U94,M31,11,1,1,0.66,Thriller,0
U26,M23,15,0,1,0.85,Sci-Fi,0
U34,M15,78,1,0,0.35,Drama,1
U47,M17,46,0,0,0.42,Thriller,0
U70,M39,66,0,0,0.55,Drama,0
U72,M5,95,1,0,0.74,Sci-Fi,1
U76,M43,64,0,0,0.73,Action,0
U10,M41,27,0,1,0.23,Thriller,0
U15,M19,10,0,1,0.51,Drama,0
U85,M12,91,0,0,0.74,Thriller,1
U68,M42,42,0,0,0.11,Action,0
U75,M9,69,1,0,0.23,Sci-Fi,0
U61,M39,96,0,0,0.27,Thriller,1
U10,M21,22,0,1,0.45,Sci-Fi,0
U2,M13,52,0,0,0.51,Drama,0
U75,M5,88,0,0,0.67,Action,1
U88,M3,39,0,0,0.46,Thriller,0
U48,M25,76,1,0,0.32,Sci-Fi,1
U82,M27,16,0,1,0.25,Thriller,0
U55,M10,74,1,0,0.4,Comedy,1
U52,M12,38,0,0,0.35,Drama,0
U66,M14,56,0,0,0.23,Thriller,0
U54,M25,60,0,0,0.9,Comedy,0
U16,M36,36,0,0,0.31,Action,0
U14,M3,33,0,0,0.18,Thriller,0
U64,M30,95,0,0,0.29,Sci-Fi,1
U10,M37,71,0,0,0.88,Drama,1
U49,M29,93,1,0,0.74,Action,1
U11,M50,51,0,0,0.95,Drama,0
U98,M18,27,0,1,0.3,Sci-Fi,0
U99,M7,23,0,1,0.84,Sci-Fi,0
U19,M18,65,0,0,0.63,Sci-Fi,0
U77,M40,28,0,1,0.02,Action,0
U31,M15,10,1,1,0.54,Action,0
U63,M2,46,0,0,0.48,Thriller,0
U62,M39,30,1,0,0.17,Comedy,0
U94,M28,70,0,0,0.21,Comedy,0
U79,M10,74,1,0,0.5,Sci-Fi,1
U53,M23,26,1,1,0.89,Sci-Fi,0
U9,M47,53,0,0,0.5,Thriller,0
U82,M39,43,0,0,0.39,Thriller,0
U50,M33,87,0,0,0.59,Sci-Fi,1
U19,M49,11,0,1,0.31,Comedy,0
U93,M30,21,0,1,0.74,Action,0
U80,M41,93,0,0,0.12,Thriller,1
U37,M42,67,0,0,0.38,Action,0
U87,M39,54,0,0,0.95,Thriller,0
U36,M24,86,1,0,0.95,Sci-Fi,1
U83,M36,35,0,0,0.7,Action,0
U90,M37,64,0,0,0.95,Action,0
U63,M46,70,0,0,0.83,Drama,0
U90,M28,89,1,0,0.38,Sci-Fi,1
U63,M13,87,0,0,0.77,Drama,1
U96,M28,76,0,0,0.15,Thriller,1
U62,M40,50,0,0,0.75,Sci-Fi,0
U46,M17,67,0,0,0.81,Drama,0
U76,M31,16,1,1,0.56,Action,0
U69,M39,61,0,0,0.36,Thriller,0
U65,M14,80,1,0,0.69,Thriller,1
U3,M22,30,0,0,0.13,Drama,0
U73,M50,83,1,0,0.66,Action,1
U10,M35,60,0,0,0.6,Drama,0
U85,M26,50,0,0,0.76,Action,0
U5,M16,37,0,0,0.47,Comedy,0
U41,M42,67,0,0,0.11,Drama,0
U32,M19,80,0,0,0.2,Action,1
U30,M46,69,0,0,0.69,Thriller,0
U1,M14,84,0,0,0.61,Action,1
U13,M14,52,0,0,0.2,Comedy,0
U41,M43,97,0,0,0.3,Sci-Fi,1
U37,M49,26,0,1,0.85,Drama,0
U4,M28,71,1,0,0.34,Action,1
U24,M34,26,0,1,0.97,Drama,0
U49,M50,49,0,0,0.24,Sci-Fi,0
U15,M14,27,1,1,0.55,Sci-Fi,0
U86,M28,26,0,1,0.17,Action,0
U14,M27,54,0,0,0.37,Comedy,0
U84,M47,58,0,0,0.0,Sci-Fi,0
U53,M16,29,0,1,0.58,Comedy,0
U53,M23,18,0,1,0.5,Action,0
U95,M31,28,0,1,0.49,Action,0
U96,M22,35,0,0,0.96,Drama,0
U5,M37,91,1,0,0.19,Thriller,1
U11,M20,51,0,0,0.3,Comedy,0
U35,M7,85,1,0,0.34,Thriller,1
U65,M9,58,1,0,0.36,Comedy,0
U66,M8,61,0,0,0.6,Comedy,0
U22,M41,55,0,0,0.81,Thriller,0
U34,M41,70,0,0,0.45,Action,0
U47,M48,34,0,0,0.67,Action,0
U71,M44,67,0,0,0.46,Drama,0
U7,M34,15,0,1,0.19,Comedy,0
U68,M7,87,0,0,0.2,Sci-Fi,1
U77,M40,80,0,0,0.03,Action,1
U91,M37,93,0,0,0.97,Sci-Fi,1
U98,M40,35,1,0,0.43,Drama,0
U69,M32,39,0,0,0.96,Action,0
U21,M50,42,0,0,0.25,Drama,0
U37,M28,35,0,0,0.43,Sci-Fi,0
U2,M2,49,0,0,0.98,Action,0
U61,M18,88,0,0,0.39,Thriller,1
U41,M6,57,0,0,0.15,Comedy,0
U41,M19,68,1,0,0.49,Drama,0
U27,M13,49,0,0,0.98,Sci-Fi,0
U19,M29,25,0,1,0.94,Comedy,0
U49,M44,15,0,1,0.18,Sci-Fi,0
U93,M50,27,0,1,0.82,Action,0
U39,M15,60,0,0,0.56,Sci-Fi,0
U5,M42,28,0,1,0.87,Drama,0
U92,M34,57,0,0,0.68,Sci-Fi,0
U52,M32,24,0,1,0.17,Drama,0
U74,M47,32,0,0,0.12,Sci-Fi,0
U76,M39,12,0,1,0.21,Comedy,0
U38,M40,30,0,0,0.84,Action,0
U52,M25,47,1,0,0.67,Drama,0
U85,M1,44,0,0,0.27,Action,0
U83,M37,19,1,1,0.53,Drama,0
U63,M24,43,0,0,0.73,Drama,0
U42,M44,26,0,1,0.81,Sci-Fi,0
U16,M33,10,0,1,0.6,Action,0
U57,M12,22,0,1,0.71,Action,0
U24,M1,13,0,1,0.12,Action,0
U16,M13,21,0,1,0.59,Comedy,0
U18,M8,17,0,1,0.49,Thriller,0
U60,M15,66,0,0,0.49,Action,0
U97,M16,17,0,1,0.14,Comedy,0
U30,M22,19,1,1,0.26,Drama,0
U13,M34,45,0,0,0.44,Thriller,0
U24,M4,23,1,1,0.75,Drama,0
U15,M32,95,0,0,0.35,Sci-Fi,1
U48,M14,48,1,0,0.39,Thriller,0
U58,M3,18,0,1,0.74,Comedy,0
U30,M5,70,0,0,0.34,Action,0
U51,M42,71,0,0,0.55,Thriller,1
U84,M21,47,0,0,0.09,Thriller,0
U36,M40,81,0,0,0.18,Thriller,1
U54,M42,66,0,0,0.48,Action,0
U8,M2,68,0,0,0.75,Drama,0
U13,M12,85,0,0,0.19,Thriller,1
U73,M47,61,0,0,0.98,Thriller,0
U63,M43,34,0,0,0.04,Drama,0
U23,M16,61,0,0,0.38,Thriller,0
U80,M11,40,0,0,0.44,Sci-Fi,0
U10,M5,94,0,0,0.1,Thriller,1
U71,M28,93,0,0,0.58,Sci-Fi,1
U25,M45,27,0,1,0.32,Thriller,0
U18,M28,39,0,0,0.1,Thriller,0
U46,M7,61,1,0,0.87,Sci-Fi,0
U87,M13,99,1,0,0.6,Action,1
U45,M1,49,0,0,0.85,Comedy,0
U10,M18,91,0,0,0.48,Action,1
U5,M41,32,0,0,0.17,Action,0
U12,M49,21,1,1,0.06,Drama,0
U65,M22,17,0,1,0.55,Thriller,0
U83,M46,35,0,0,0.25,Comedy,0
U81,M23,38,0,0,0.52,Action,0
U26,M21,67,0,0,0.1,Thriller,0
U90,M42,84,0,0,0.53,Drama,1
U34,M21,95,0,0,0.01,Comedy,1
U99,M42,16,1,1,0.58,Comedy,0
U15,M11,25,0,1,0.75,Drama,0
U50,M32,82,0,0,0.88,Action,1
U11,M42,14,0,1,0.72,Thriller,0
U67,M50,50,0,0,0.31,Thriller,0
U44,M44,16,0,1,0.68,Drama,0
U26,M48,24,0,1,0.76,Action,0
U1,M13,74,0,0,0.7,Drama,1
U17,M48,70,0,0,0.33,Sci-Fi,0
U93,M40,49,0,0,0.95,Comedy,0
U100,M44,70,1,0,0.84,Comedy,0
U92,M32,40,0,0,0.03,Comedy,0
U83,M6,21,0,1,0.3,Thriller,0
U93,M1,18,0,1,0.91,Comedy,0
U34,M42,63,0,0,0.12,Drama,0
U33,M8,86,0,0,0.49,Action,1
U66,M39,67,0,0,0.94,Action,0
U85,M23,77,0,0,0.22,Comedy,1
U80,M46,81,1,0,1.0,Action,1
U44,M40,52,0,0,0.74,Drama,0
U90,M39,14,0,1,0.24,Thriller,0
U15,M41,19,0,1,0.98,Thriller,0
U29,M22,27,0,1,0.34,Comedy,0
U9,M44,96,0,0,0.8,Action,1
U98,M21,76,0,0,0.85,Drama,1
U43,M8,52,1,0,0.22,Action,0
U96,M6,87,0,0,0.61,Drama,1
U71,M28,54,0,0,0.29,Drama,0
U38,M14,89,0,0,0.3,Drama,1
U27,M11,10,0,1,0.35,Drama,0
U16,M40,97,0,0,0.88,Sci-Fi,1
U60,M6,48,0,0,0.34,Sci-Fi,0
U31,M13,32,0,0,0.7,Drama,0
U43,M46,82,0,0,0.26,Thriller,1
U41,M12,58,0,0,0.66,Comedy,0
U83,M38,40,0,0,0.31,Action,0
U62,M12,52,0,0,0.91,Thriller,0
U95,M1,99,0,0,0.8,Drama,1
U60,M46,24,0,1,0.94,Thriller,0
U16,M42,39,1,0,0.7,Thriller,0
U26,M10,95,1,0,1.0,Thriller,1
U87,M41,58,0,0,0.03,Comedy,0
U51,M10,77,1,0,0.2,Drama,1
U75,M3,96,0,0,0.06,Action,1
U72,M32,32,1,0,0.51,Sci-Fi,0
U22,M9,88,0,0,0.84,Comedy,1
U22,M4,28,0,1,0.19,Drama,0
U98,M38,71,0,0,0.72,Drama,1
U50,M35,28,0,1,0.23,Drama,0
U10,M5,53,0,0,0.38,Drama,0
U7,M34,75,0,0,0.99,Thriller,1
U40,M39,51,0,0,0.05,Action,0
U60,M44,19,0,1,0.35,Comedy,0
U16,M9,60,0,0,0.12,Action,0
U47,M40,87,0,0,0.04,Action,1
U84,M47,18,0,1,0.02,Thriller,0
U74,M19,71,0,0,0.61,Thriller,1
U68,M33,47,0,0,0.29,Comedy,0
U32,M32,59,0,0,0.76,Sci-Fi,0
U3,M16,71,0,0,0.54,Comedy,1
U69,M44,19,0,1,0.91,Comedy,0
U24,M49,80,0,0,0.62,Action,1
U29,M50,89,1,0,0.51,Thriller,1
U5,M20,29,0,1,0.89,Comedy,0
U100,M31,14,0,1,0.58,Sci-Fi,0
U2,M37,79,1,0,0.82,Comedy,1
U16,M13,74,0,0,0.82,Comedy,1
U15,M45,49,0,0,0.44,Action,0
U27,M17,64,0,0,0.12,Thriller,0
U48,M19,94,0,0,0.71,Comedy,1
U79,M43,79,0,0,0.57,Drama,1
U64,M19,96,0,0,0.63,Comedy,1
U82,M38,28,1,1,0.09,Drama,0
U66,M42,72,0,0,0.94,Drama,1
U67,M33,82,0,0,0.26,Drama,1
U20,M12,72,0,0,0.75,Thriller,1
U68,M10,78,1,0,0.29,Drama,1
U83,M17,80,0,0,0.41,Drama,1
U2,M1,54,0,0,0.13,Thriller,0
U43,M33,39,0,0,0.6,Action,0
U31,M3,82,0,0,0.1,Thriller,1
U66,M15,78,0,0,0.99,Drama,1
U58,M33,21,0,1,0.85,Thriller,0
U72,M20,84,0,0,0.38,Sci-Fi,1
U4,M20,88,0,0,0.24,Comedy,1
U75,M30,37,0,0,0.79,Sci-Fi,0
U98,M13,95,0,0,0.34,Sci-Fi,1
U10,M45,29,0,1,0.22,Drama,0
U49,M39,10,0,1,0.14,Sci-Fi,0
U76,M27,71,0,0,0.51,Thriller,1
U96,M5,55,0,0,0.71,Action,0
U1,M35,48,1,0,0.24,Action,0
U97,M42,81,0,0,0.72,Comedy,1
U57,M49,80,0,0,0.13,Thriller,1
U5,M39,68,0,0,0.87,Drama,0
U8,M20,81,1,0,0.96,Thriller,1
U60,M25,14,0,1,0.69,Sci-Fi,0
U72,M8,48,1,0,0.44,Drama,0
U20,M9,85,0,0,0.17,Thriller,1
U26,M46,40,0,0,0.74,Drama,0
U26,M38,47,0,0,0.82,Thriller,0
U48,M31,98,0,0,0.32,Drama,1
U35,M38,21,1,1,0.71,Sci-Fi,0
U28,M46,51,0,0,0.97,Action,0
U78,M42,27,0,1,0.52,Comedy,0
U1,M48,26,0,1,0.68,Action,0
U34,M24,43,0,0,0.6,Thriller,0
U29,M4,67,0,0,0.4,Sci-Fi,0
U86,M36,24,0,1,0.84,Thriller,0
U47,M38,41,0,0,0.13,Action,0
U64,M46,83,0,0,0.07,Action,1
U94,M20,57,0,0,0.25,Sci-Fi,0
U6,M30,75,0,0,0.29,Drama,1
U58,M16,26,0,1,0.76,Thriller,0
U59,M30,83,0,0,0.51,Comedy,1
U43,M2,30,0,0,0.98,Sci-Fi,0
U19,M11,68,0,0,0.44,Sci-Fi,0
U99,M32,49,0,0,0.36,Comedy,0
U71,M18,65,0,0,0.78,Comedy,0
U70,M35,77,0,0,0.01,Action,1
U18,M37,15,0,1,0.31,Thriller,0
U12,M38,90,0,0,0.01,Sci-Fi,1
U32,M17,61,0,0,0.18,Drama,0
U12,M30,99,0,0,0.14,Comedy,1
U74,M36,76,0,0,0.45,Action,1
U16,M26,97,1,0,0.85,Sci-Fi,1
U85,M49,22,0,1,0.66,Sci-Fi,0
U61,M7,21,0,1,0.46,Comedy,0
U88,M20,66,0,0,0.57,Action,0
U4,M45,54,0,0,0.26,Drama,0
U100,M29,99,0,0,0.89,Comedy,1
U100,M34,65,0,0,0.71,Comedy,0
U84,M36,76,0,0,0.23,Action,1
U48,M8,80,0,0,0.93,Comedy,1
U52,M26,72,0,0,0.32,Sci-Fi,1
U94,M29,59,0,0,0.55,Sci-Fi,0
U69,M35,48,1,0,0.87,Drama,0
U27,M11,32,0,0,0.78,Thriller,0
U100,M13,11,1,1,0.63,Action,0
U12,M15,88,0,0,0.83,Action,1
U71,M2,46,0,0,0.27,Sci-Fi,0
U63,M5,14,0,1,0.64,Drama,0
U66,M49,46,0,0,0.29,Comedy,0
U6,M6,19,0,1,0.43,Sci-Fi,0
U69,M38,53,0,0,0.16,Thriller,0
U28,M46,63,0,0,0.49,Sci-Fi,0
U35,M31,11,0,1,0.47,Drama,0
U24,M14,68,1,0,0.44,Thriller,0
U85,M12,54,0,0,0.64,Drama,0
U19,M36,67,0,0,0.22,Action,0
U50,M27,16,0,1,0.26,Action,0
U96,M20,47,0,0,0.82,Comedy,0
U61,M26,62,1,0,0.71,Action,0
U70,M47,28,0,1,0.28,Comedy,0
U11,M50,60,0,0,0.46,Action,0
U24,M11,73,0,0,0.65,Thriller,1
U70,M26,67,0,0,0.22,Drama,0
U76,M10,48,1,0,0.98,Action,0
U70,M20,45,1,0,0.65,Thriller,0
U92,M14,74,0,0,0.54,Action,1
U22,M36,37,1,0,0.91,Drama,0
U71,M2,93,0,0,0.36,Comedy,1
U32,M16,91,0,0,0.59,Action,1
U32,M26,83,0,0,0.43,Action,1
U26,M44,69,0,0,0.95,Sci-Fi,0
U48,M48,85,0,0,0.93,Sci-Fi,1
U92,M31,79,1,0,0.98,Action,1
U59,M40,14,0,1,0.68,Thriller,0
U43,M22,99,0,0,0.27,Thriller,1
U23,M12,81,0,0,0.67,Sci-Fi,1
U14,M20,25,0,1,0.6,Action,0
U68,M39,61,0,0,0.97,Thriller,0
U6,M12,89,0,0,0.08,Drama,1
U63,M35,63,0,0,0.5,Thriller,0
U96,M15,71,0,0,0.84,Sci-Fi,1
U48,M37,20,0,1,0.45,Comedy,0
U8,M17,80,0,0,0.1,Comedy,1
U52,M18,72,0,0,0.72,Thriller,1
U66,M2,17,1,1,0.44,Thriller,0
U27,M48,18,0,1,0.76,Drama,0
U9,M30,38,0,0,0.87,Thriller,0
U75,M47,46,0,0,0.59,Comedy,0
U68,M20,89,0,0,0.11,Action,1
U79,M16,40,1,0,0.33,Action,0
U55,M19,82,0,0,0.99,Thriller,1
U15,M44,86,0,0,0.74,Thriller,1
U94,M26,52,1,0,0.72,Action,0
U72,M4,14,1,1,0.69,Drama,0
U9,M25,36,0,0,0.31,Comedy,0
U63,M17,82,1,0,0.96,Drama,1
U68,M35,83,0,0,0.34,Sci-Fi,1
U86,M1,76,0,0,0.32,Thriller,1
U25,M50,62,0,0,0.7,Thriller,0
U40,M40,96,1,0,0.67,Sci-Fi,1
U38,M41,29,1,1,0.29,Drama,0
U20,M42,74,0,0,0.43,Sci-Fi,1
U16,M31,12,0,1,0.18,Drama,0
U86,M47,95,0,0,0.05,Comedy,1
U47,M11,86,0,0,0.14,Comedy,1
U57,M20,44,1,0,0.22,Drama,0
U54,M47,25,0,1,0.25,Comedy,0
U15,M13,88,0,0,0.68,Comedy,1
U63,M38,20,1,1,0.49,Comedy,0
U57,M7,77,0,0,0.41,Action,1
U16,M46,19,0,1,0.98,Thriller,0
U67,M12,50,0,0,0.56,Sci-Fi,0
U61,M6,68,0,0,0.26,Action,0
U12,M42,58,1,0,0.1,Comedy,0
U55,M31,88,0,0,0.61,Comedy,1
U48,M25,41,1,0,0.45,Action,0
U99,M3,45,0,0,0.52,Thriller,0
U5,M23,69,0,0,0.3,Sci-Fi,0
U15,M29,63,0,0,0.57,Drama,0
U66,M41,89,0,0,0.8,Drama,1
U50,M25,60,0,0,0.64,Drama,0
U15,M47,62,0,0,0.09,Thriller,0
U88,M18,61,1,0,0.35,Comedy,0
U90,M15,50,0,0,0.23,Thriller,0
U15,M48,53,0,0,0.27,Sci-Fi,0
U62,M44,63,0,0,0.43,Action,0
U8,M49,69,0,0,0.83,Thriller,0
U58,M24,87,0,0,0.18,Thriller,1
U8,M4,57,0,0,0.98,Thriller,0
U83,M8,67,0,0,0.24,Comedy,0
U40,M31,93,0,0,0.22,Sci-Fi,1
U14,M43,91,0,0,0.63,Action,1
U48,M35,16,0,1,0.08,Drama,0
U25,M35,14,0,1,0.94,Drama,0
U56,M28,83,1,0,0.95,Drama,1
U21,M15,18,0,1,0.47,Comedy,0
U31,M30,27,0,1,0.91,Sci-Fi,0
U81,M29,87,0,0,0.32,Sci-Fi,1
U71,M37,51,0,0,0.38,Thriller,0
U91,M40,91,0,0,0.1,Sci-Fi,1
U76,M39,89,1,0,0.98,Thriller,1
U11,M42,71,0,0,0.05,Thriller,1
U9,M8,91,1,0,0.18,Thriller,1
U14,M41,98,1,0,0.08,Sci-Fi,1
U58,M33,87,0,0,0.24,Action,1
U44,M17,17,0,1,0.8,Drama,0
U74,M25,78,1,0,0.96,Thriller,1
U12,M21,41,0,0,0.52,Comedy,0
U2,M13,85,0,0,0.2,Comedy,1
U9,M23,39,0,0,0.4,Comedy,0
U66,M42,12,0,1,0.42,Thriller,0
U92,M47,22,1,1,0.14,Drama,0
U97,M43,96,0,0,0.07,Sci-Fi,1
U69,M31,50,0,0,0.73,Action,0
U32,M19,56,1,0,0.5,Drama,0
U70,M27,78,0,0,0.71,Drama,1
U72,M22,65,0,0,0.36,Action,0
U73,M4,39,0,0,0.36,Sci-Fi,0
U44,M21,64,0,0,0.03,Sci-Fi,0
U8,M29,66,1,0,0.43,Drama,0
U89,M3,52,0,0,0.89,Action,0
U75,M11,85,0,0,0.6,Comedy,1
U28,M26,99,0,0,0.63,Thriller,1
U95,M47,61,0,0,0.87,Drama,0
U18,M15,68,0,0,0.35,Sci-Fi,0
U44,M36,39,0,0,0.16,Action,0
U53,M26,82,0,0,0.72,Comedy,1
U42,M21,28,0,1,0.76,Sci-Fi,0
U96,M29,81,0,0,0.95,Comedy,1
U17,M16,35,0,0,0.53,Drama,0
U93,M6,59,0,0,0.42,Comedy,0
U47,M48,50,0,0,0.88,Comedy,0
U84,M47,25,1,1,0.59,Drama,0
U41,M27,21,0,1,0.44,Thriller,0
U70,M33,78,0,0,0.6,Comedy,1
U59,M12,88,1,0,0.67,Comedy,1
U20,M22,32,0,0,0.7,Drama,0
U77,M30,39,1,0,0.7,Thriller,0
U6,M16,42,0,0,0.49,Drama,0
U63,M31,47,0,0,0.87,Thriller,0
U84,M28,59,0,0,0.72,Thriller,0
U67,M45,36,0,0,0.62,Comedy,0
U81,M41,26,0,1,0.25,Action,0
U84,M37,79,1,0,0.46,Thriller,1
U63,M45,35,0,0,0.63,Comedy,0
U8,M17,31,1,0,0.46,Action,0
U58,M25,59,1,0,0.46,Drama,0
U48,M3,19,0,1,0.22,Sci-Fi,0
U24,M36,88,0,0,0.85,Thriller,1
U27,M43,60,1,0,0.13,Thriller,0
U27,M4,12,0,1,0.98,Drama,0
U62,M31,79,0,0,0.63,Comedy,1
U19,M11,28,0,1,0.97,Action,0
U7,M31,85,0,0,0.25,Action,1
U32,M29,77,0,0,0.67,Drama,1
U66,M35,72,0,0,0.1,Drama,1
U94,M43,50,0,0,0.25,Drama,0
U67,M36,57,0,0,0.53,Action,0
U58,M47,20,0,1,0.21,Comedy,0
U33,M20,44,0,0,0.04,Action,0
U51,M1,51,1,0,0.37,Action,0
U70,M18,58,1,0,0.34,Thriller,0
U18,M21,11,0,1,1.0,Comedy,0
U80,M7,40,1,0,0.15,Thriller,0
U50,M39,76,0,0,0.74,Comedy,1
U65,M26,57,0,0,0.62,Comedy,0
U9,M20,99,1,0,0.62,Drama,1
U45,M4,30,1,0,0.4,Action,0
U39,M30,79,0,0,0.04,Drama,1
U28,M9,37,1,0,0.91,Drama,0
U94,M40,49,0,0,0.22,Comedy,0
U88,M29,85,0,0,0.54,Drama,1
U8,M30,96,1,0,0.29,Action,1
U12,M9,20,0,1,0.57,Thriller,0
U52,M36,75,0,0,0.58,Action,1
U90,M7,55,0,0,0.96,Action,0
U95,M46,40,0,0,0.26,Comedy,0
U83,M19,36,1,0,0.67,Thriller,0
U6,M21,30,0,0,0.95,Drama,0
U80,M27,94,0,0,0.5,Sci-Fi,1
U77,M6,47,0,0,0.13,Action,0
U19,M17,41,0,0,0.32,Comedy,0
U31,M37,76,0,0,0.17,Sci-Fi,1
U57,M6,22,0,1,0.61,Comedy,0
U14,M9,66,1,0,0.52,Sci-Fi,0
U62,M43,14,0,1,0.27,Thriller,0
U13,M11,66,1,0,0.82,Sci-Fi,0
U87,M26,62,1,0,0.21,Action,0
U42,M30,42,0,0,0.55,Action,0
U7,M44,25,0,1,0.42,Action,0
U4,M7,48,1,0,0.92,Drama,0
U90,M43,97,0,0,0.45,Action,1
U69,M30,96,0,0,0.62,Sci-Fi,1
U58,M38,24,0,1,0.64,Comedy,0
U29,M5,95,0,0,0.76,Action,1
U88,M48,91,0,0,0.87,Action,1
U52,M27,99,0,0,0.29,Comedy,1
U5,M38,99,0,0,0.76,Drama,1
U6,M40,23,0,1,0.08,Action,0
U91,M38,30,1,0,0.51,Drama,0
U35,M47,90,0,0,0.53,Sci-Fi,1
U15,M5,39,1,0,0.49,Sci-Fi,0
U78,M45,86,1,0,0.34,Thriller,1
U92,M47,42,1,0,0.4,Action,0
U59,M27,42,1,0,0.73,Sci-Fi,0
U77,M11,28,0,1,0.79,Drama,0
U94,M12,43,0,0,0.11,Sci-Fi,0
U100,M48,83,0,0,0.11,Sci-Fi,1
U91,M38,25,0,1,0.46,Thriller,0
U8,M41,89,0,0,0.88,Drama,1
U38,M49,25,0,1,0.36,Thriller,0
U19,M14,30,1,0,0.38,Comedy,0
U54,M49,26,0,1,0.5,Comedy,0
U32,M39,36,0,0,0.21,Thriller,0
U38,M18,62,0,0,0.42,Comedy,0
U32,M13,79,0,0,0.72,Thriller,1
U96,M3,79,1,0,0.58,Action,1
U42,M7,35,1,0,0.68,Sci-Fi,0
U83,M36,80,0,0,0.72,Comedy,1
U69,M45,97,0,0,0.28,Comedy,1
U9,M11,26,0,1,0.23,Sci-Fi,0
U77,M48,67,0,0,0.94,Comedy,0
U91,M5,34,0,0,0.03,Action,0
U58,M31,27,1,1,0.49,Thriller,0
U89,M35,73,0,0,0.73,Sci-Fi,1
U74,M48,95,0,0,0.11,Drama,1
U51,M9,72,1,0,0.87,Action,1
U32,M41,96,0,0,0.59,Action,1
U67,M30,52,0,0,0.76,Action,0
U17,M50,35,0,0,0.62,Action,0
U42,M14,13,0,1,0.11,Comedy,0
U21,M28,68,1,0,0.47,Sci-Fi,0
U51,M44,75,0,0,0.88,Action,1
U17,M31,27,0,1,0.51,Comedy,0
U91,M39,83,0,0,0.95,Thriller,1
U4,M13,72,0,0,0.17,Drama,1
U67,M8,48,0,0,0.19,Action,0
U4,M45,48,0,0,0.75,Action,0
U23,M11,24,0,1,0.84,Action,0
U6,M19,69,1,0,0.02,Sci-Fi,0
U23,M18,32,0,0,0.25,Comedy,0
U9,M23,87,0,0,0.2,Comedy,1
U28,M41,44,0,0,0.14,Drama,0
U48,M36,81,0,0,0.05,Comedy,1
U80,M44,52,0,0,0.89,Drama,0
U74,M12,87,0,0,0.17,Drama,1
U65,M5,75,0,0,0.59,Comedy,1
U28,M50,90,0,0,0.11,Thriller,1
U48,M18,23,0,1,0.8,Action,0
U91,M23,79,0,0,0.14,Drama,1
U37,M12,91,0,0,0.1,Comedy,1
U18,M27,43,1,0,0.0,Action,0
U38,M46,95,0,0,0.24,Drama,1
U10,M43,53,0,0,0.96,Comedy,0
U76,M13,80,0,0,0.92,Comedy,1
U73,M46,95,0,0,0.77,Action,1
U49,M39,51,0,0,0.34,Drama,0
U91,M43,91,0,0,0.68,Action,1
U49,M50,62,0,0,0.35,Sci-Fi,0
U61,M15,14,0,1,0.27,Thriller,0
U90,M24,81,0,0,0.37,Comedy,1
U41,M5,66,0,0,0.36,Action,0
U95,M50,49,0,0,0.37,Sci-Fi,0
U23,M46,87,0,0,0.96,Action,1
U76,M18,91,0,0,0.5,Sci-Fi,1
U33,M12,37,0,0,0.5,Sci-Fi,0
U7,M29,29,0,1,0.35,Action,0
U68,M35,76,0,0,0.67,Thriller,1
U79,M49,80,0,0,0.54,Thriller,1
U10,M37,67,0,0,0.42,Thriller,0
U76,M24,50,0,0,0.8,Sci-Fi,0
U49,M45,87,0,0,0.46,Comedy,1
U83,M9,88,0,0,0.02,Sci-Fi,1
U78,M41,72,0,0,0.04,Sci-Fi,1
U57,M49,37,0,0,0.84,Thriller,0
U69,M14,42,1,0,0.47,Sci-Fi,0
U34,M34,31,0,0,0.97,Drama,0
U57,M17,84,1,0,0.05,Action,1
U84,M39,15,0,1,0.3,Drama,0
U22,M50,11,1,1,0.07,Thriller,0
U7,M42,83,0,0,0.65,Thriller,1
U83,M39,69,0,0,0.85,Drama,0
U40,M22,28,0,1,0.06,Thriller,0
U18,M1,42,0,0,0.14,Comedy,0
U47,M17,26,0,1,0.97,Thriller,0
U96,M6,18,0,1,0.39,Thriller,0
U55,M13,80,0,0,0.99,Comedy,1
U71,M30,34,0,0,0.67,Sci-Fi,0
U58,M30,55,0,0,0.31,Sci-Fi,0
U27,M42,20,0,1,0.02,Drama,0
U56,M39,44,0,0,0.38,Thriller,0
U51,M4,63,0,0,0.01,Drama,0
U89,M37,43,0,0,0.81,Sci-Fi,0
U16,M18,26,1,1,0.48,Action,0
U23,M39,89,0,0,0.34,Action,1
U85,M8,86,0,0,0.65,Sci-Fi,1
U57,M25,19,0,1,0.71,Comedy,0
U64,M26,22,0,1,0.36,Action,0
U83,M41,55,0,0,0.67,Drama,0
U3,M3,76,0,0,0.87,Comedy,1
U67,M9,58,0,0,0.72,Thriller,0
U89,M27,45,0,0,0.24,Thriller,0
U20,M50,65,0,0,0.19,Sci-Fi,0
U65,M3,13,1,1,0.66,Action,0
U45,M13,44,0,0,0.65,Comedy,0
U46,M15,96,0,0,0.07,Comedy,1
U21,M17,31,0,0,0.7,Sci-Fi,0
U97,M49,67,0,0,0.01,Comedy,0
U66,M1,21,0,1,0.15,Comedy,0
U53,M35,71,1,0,0.54,Action,1
U81,M11,86,0,0,0.06,Drama,1
U42,M40,33,1,0,0.54,Sci-Fi,0
U53,M37,40,0,0,0.58,Sci-Fi,0
U74,M25,36,0,0,0.5,Comedy,0
U70,M34,42,1,0,0.66,Drama,0
U55,M33,82,0,0,0.61,Comedy,1
U3,M1,23,0,1,0.04,Drama,0
U7,M20,94,0,0,0.95,Action,1
U19,M20,63,0,0,0.53,Sci-Fi,0
U75,M4,98,0,0,0.89,Drama,1
U79,M31,80,0,0,0.56,Comedy,1
U6,M35,48,0,0,0.56,Drama,0
U85,M40,17,0,1,0.75,Action,0
U48,M3,90,1,0,0.28,Drama,1
U30,M20,36,0,0,0.44,Action,0
U15,M28,73,1,0,0.2,Sci-Fi,1
U1,M38,29,1,1,0.66,Drama,0
U9,M10,17,0,1,0.51,Thriller,0
U31,M26,99,0,0,0.21,Sci-Fi,1
U3,M29,26,0,1,0.31,Action,0
U1,M22,57,0,0,0.92,Sci-Fi,0
U76,M3,27,0,1,0.27,Thriller,0
U87,M17,52,0,0,0.34,Thriller,0
U9,M21,63,0,0,0.73,Sci-Fi,0
U83,M34,25,0,1,0.27,Drama,0
U16,M11,99,0,0,0.73,Action,1
U30,M28,19,1,1,0.52,Action,0
U30,M2,79,0,0,0.55,Sci-Fi,1
U8,M27,18,1,1,0.87,Thriller,0
U69,M11,63,0,0,0.02,Sci-Fi,0
U17,M30,29,0,1,0.6,Comedy,0
U55,M37,59,1,0,0.62,Action,0
U30,M2,42,0,0,0.55,Thriller,0
U34,M32,43,0,0,0.09,Comedy,0
U69,M9,71,0,0,0.6,Drama,1
U34,M24,98,0,0,0.23,Thriller,1
U63,M32,93,0,0,0.27,Comedy,1
U47,M26,39,1,0,0.27,Action,0
U65,M49,93,0,0,0.85,Drama,1
U57,M32,68,0,0,0.95,Action,0
U87,M45,72,0,0,0.82,Sci-Fi,1
U56,M26,79,1,0,0.71,Sci-Fi,1
U68,M6,43,0,0,0.62,Comedy,0
U50,M15,63,0,0,0.73,Comedy,0
U82,M23,76,0,0,0.62,Thriller,1
U67,M37,92,1,0,0.11,Comedy,1
U8,M25,27,0,1,0.84,Thriller,0
U85,M45,58,0,0,0.07,Action,0
U76,M1,80,0,0,0.22,Drama,1
U38,M11,45,0,0,0.89,Comedy,0
U61,M8,64,0,0,0.22,Sci-Fi,0
U15,M34,90,1,0,0.61,Action,1
U17,M39,80,0,0,0.01,Comedy,1
U62,M47,21,0,1,0.29,Thriller,0
U6,M9,66,0,0,0.35,Drama,0
U5,M10,48,0,0,0.87,Comedy,0
U24,M7,43,0,0,0.51,Action,0
U7,M20,71,1,0,0.73,Thriller,1
U100,M34,24,0,1,0.74,Thriller,0
U22,M18,77,0,0,0.79,Sci-Fi,1
U86,M13,25,0,1,0.91,Drama,0
U51,M44,30,0,0,0.84,Comedy,0
U45,M50,17,1,1,0.55,Action,0
U37,M46,84,1,0,0.01,Thriller,1
U26,M32,80,1,0,0.87,Sci-Fi,1
U60,M22,38,0,0,0.71,Action,0
U34,M27,77,0,0,0.8,Sci-Fi,1
U46,M13,46,0,0,0.52,Comedy,0
U71,M18,82,0,0,0.56,Sci-Fi,1
U77,M41,15,0,1,0.44,Comedy,0
U26,M10,74,0,0,0.59,Thriller,1
U57,M13,61,0,0,0.03,Drama,0
U90,M18,40,0,0,0.05,Drama,0
U77,M35,45,1,0,0.24,Drama,0
U63,M28,95,0,0,0.4,Action,1
U6,M9,95,0,0,0.36,Sci-Fi,1
U66,M13,30,0,0,0.39,Action,0
U56,M31,98,0,0,0.55,Comedy,1
U35,M31,42,0,0,0.88,Thriller,0
U32,M1,30,1,0,0.83,Thriller,0
U25,M3,93,0,0,0.93,Drama,1
U15,M8,12,1,1,0.94,Comedy,0
U43,M29,88,1,0,0.5,Drama,1
U79,M29,31,0,0,0.47,Action,0
U50,M17,42,0,0,0.25,Drama,0
U81,M2,87,0,0,0.38,Drama,1
U16,M42,72,0,0,0.39,Comedy,1
U81,M8,72,0,0,0.25,Drama,1
U23,M14,52,0,0,0.53,Action,0
U74,M21,66,1,0,0.21,Comedy,0
U83,M43,66,0,0,0.12,Drama,0
U53,M31,79,1,0,0.78,Comedy,1
U22,M4,32,0,0,0.61,Drama,0
U66,M44,46,0,0,0.1,Drama,0
U67,M34,31,0,0,0.59,Action,0
U31,M41,88,0,0,0.73,Action,1
U61,M15,57,0,0,0.65,Thriller,0
U58,M48,74,1,0,0.17,Thriller,1
U25,M25,85,0,0,0.35,Sci-Fi,1
U43,M11,48,0,0,0.82,Action,0
U53,M26,40,0,0,0.52,Sci-Fi,0
U38,M42,67,0,0,0.46,Sci-Fi,0
U44,M20,40,0,0,0.09,Sci-Fi,0
U21,M6,69,0,0,0.23,Comedy,0
U65,M6,52,0,0,0.89,Action,0
U29,M35,72,0,0,0.26,Drama,1
U84,M44,19,0,1,0.89,Sci-Fi,0
U66,M6,80,0,0,0.44,Thriller,1
U1,M21,97,0,0,0.59,Action,1
U54,M29,52,0,0,0.32,Drama,0
U37,M26,51,0,0,0.56,Action,0
U18,M40,10,1,1,0.39,Sci-Fi,0
U29,M5,70,1,0,0.76,Sci-Fi,0
U24,M44,21,0,1,0.15,Comedy,0
U93,M27,39,0,0,0.65,Drama,0
U44,M25,45,0,0,0.06,Thriller,0
U49,M36,64,1,0,0.63,Action,0
U99,M29,33,1,0,0.04,Comedy,0
U23,M8,47,0,0,0.23,Comedy,0
U12,M3,60,0,0,0.52,Comedy,0
U36,M31,90,0,0,0.37,Action,1
U41,M43,37,0,0,0.21,Thriller,0
U33,M15,19,0,1,0.22,Drama,0
U55,M38,56,0,0,0.28,Drama,0
U93,M44,51,0,0,0.66,Action,0
U1,M19,65,0,0,0.38,Drama,0
U22,M27,90,0,0,0.75,Comedy,1
U13,M44,61,0,0,0.41,Action,0
U6,M10,58,0,0,0.27,Comedy,0
U90,M8,92,0,0,0.9,Drama,1
U20,M21,77,0,0,0.44,Sci-Fi,1
U94,M37,27,1,1,0.86,Drama,0
U39,M45,82,0,0,0.71,Drama,1
U29,M11,16,0,1,0.59,Drama,0
U84,M2,46,1,0,0.75,Thriller,0
U88,M25,90,0,0,0.79,Thriller,1
U41,M1,81,0,0,0.96,Thriller,1
U48,M45,39,0,0,0.0,Comedy,0
U75,M29,83,0,0,0.16,Comedy,1
U28,M47,13,0,1,0.18,Comedy,0
U94,M41,97,1,0,0.17,Sci-Fi,1
U22,M49,92,0,0,0.64,Sci-Fi,1
U9,M16,19,1,1,0.68,Sci-Fi,0
U5,M16,69,0,0,1.0,Action,0
U3,M2,78,0,0,0.56,Thriller,1
U64,M10,50,0,0,0.17,Comedy,0
U89,M5,34,0,0,0.18,Comedy,0
U67,M48,43,1,0,0.29,Drama,0
U32,M23,58,0,0,0.6,Comedy,0
U87,M37,46,0,0,0.79,Action,0
U66,M20,67,1,0,0.23,Comedy,0
U81,M15,88,0,0,0.29,Action,1
U15,M22,94,1,0,0.64,Drama,1
U50,M37,95,0,0,0.81,Action,1
U94,M6,51,0,0,0.31,Drama,0
U31,M32,19,0,1,0.36,Drama,0
U96,M10,48,0,0,0.6,Drama,0
U75,M33,69,0,0,0.87,Drama,0
U17,M25,43,1,0,0.85,Comedy,0
U53,M1,70,0,0,0.12,Comedy,0
U42,M12,86,0,0,0.47,Sci-Fi,1
U31,M49,37,1,0,0.31,Comedy,0
U27,M43,26,0,1,0.06,Thriller,0
U89,M34,20,0,1,0.37,Action,0
U68,M8,70,0,0,0.8,Thriller,0
U12,M27,82,0,0,0.33,Drama,1
U2,M45,68,0,0,0.1,Thriller,0
U55,M14,26,0,1,0.81,Drama,0
U81,M19,11,0,1,0.24,Action,0
U83,M25,63,1,0,0.6,Drama,0
U38,M1,95,0,0,0.52,Sci-Fi,1
U52,M43,52,0,0,0.75,Thriller,0
U52,M27,11,0,1,0.52,Comedy,0
U18,M30,25,0,1,0.41,Sci-Fi,0
U55,M44,57,1,0,0.39,Comedy,0
U27,M4,53,1,0,0.9,Action,0
U74,M3,28,0,1,0.62,Action,0
U37,M27,52,1,0,0.91,Sci-Fi,0
U84,M9,66,0,0,0.75,Comedy,0
U31,M26,39,1,0,0.19,Comedy,0
U36,M7,51,0,0,0.51,Thriller,0
U64,M15,79,0,0,0.23,Action,1
U88,M1,26,0,1,0.6,Action,0
U30,M28,79,0,0,0.63,Sci-Fi,1
U26,M12,39,1,0,0.63,Sci-Fi,0
U29,M18,80,0,0,0.91,Action,1
U12,M49,28,1,1,0.23,Thriller,0
U80,M24,32,0,0,0.31,Drama,0
U94,M23,75,0,0,0.96,Comedy,1
U69,M38,44,0,0,0.73,Thriller,0
U16,M17,41,0,0,0.86,Thriller,0
U35,M25,50,0,0,0.18,Comedy,0
U56,M42,63,0,0,0.27,Comedy,0
U57,M44,74,0,0,0.32,Sci-Fi,1
U55,M10,19,0,1,0.94,Comedy,0
U11,M1,21,0,1,0.15,Thriller,0
U94,M13,75,0,0,0.51,Action,1
U99,M15,38,1,0,0.38,Thriller,0
U67,M14,43,0,0,0.11,Comedy,0
U18,M20,51,1,0,0.53,Action,0
U95,M28,34,0,0,0.2,Sci-Fi,0
U11,M39,17,0,1,0.26,Drama,0
U17,M14,95,0,0,0.8,Drama,1
U69,M50,18,0,1,0.42,Thriller,0
U10,M16,46,0,0,0.93,Comedy,0
U73,M49,62,0,0,0.17,Action,0
U19,M35,17,0,1,0.53,Comedy,0
U91,M20,56,1,0,0.87,Sci-Fi,0
U6,M17,94,1,0,0.88,Drama,1
U44,M3,20,0,1,0.4,Action,0
U84,M7,85,0,0,0.72,Sci-Fi,1
U41,M43,35,0,0,0.09,Thriller,0
U50,M22,67,0,0,0.95,Thriller,0
U48,M23,86,0,0,0.57,Thriller,1
U16,M32,75,0,0,0.31,Action,1
U87,M49,67,0,0,0.54,Comedy,0
U66,M29,93,0,0,0.29,Drama,1
U94,M22,33,0,0,0.23,Thriller,0
U45,M45,56,0,0,0.75,Drama,0
U12,M12,52,0,0,0.01,Action,0
U59,M49,21,1,1,0.64,Drama,0
U23,M26,68,0,0,0.7,Action,0
U89,M21,58,0,0,0.4,Action,0
U78,M3,68,1,0,0.87,Action,0
U96,M38,32,1,0,0.36,Comedy,0
U74,M35,71,0,0,0.11,Thriller,1
U25,M47,55,0,0,0.64,Action,0
U81,M45,53,0,0,0.75,Sci-Fi,0
U72,M12,98,0,0,0.13,Thriller,1
U62,M30,92,0,0,0.54,Comedy,1
U100,M10,81,0,0,0.33,Drama,1
U44,M31,66,0,0,0.43,Drama,0
U66,M17,98,1,0,0.37,Thriller,1
U40,M16,70,0,0,0.24,Thriller,0
U20,M17,63,1,0,0.58,Drama,0
U29,M8,91,1,0,0.35,Drama,1
U8,M49,74,0,0,0.19,Action,1
U66,M38,14,0,1,0.35,Drama,0
U73,M9,24,0,1,0.0,Action,0
U20,M7,85,0,0,0.25,Thriller,1
U43,M15,82,1,0,0.28,Action,1
U24,M9,11,0,1,0.02,Action,0
U4,M18,25,0,1,0.08,Thriller,0
U19,M46,60,1,0,0.23,Sci-Fi,0
U39,M32,74,0,0,0.86,Comedy,1
U44,M3,22,0,1,0.49,Comedy,0
U42,M38,52,0,0,0.62,Action,0
U94,M17,33,0,0,0.67,Sci-Fi,0
U24,M3,19,0,1,0.64,Comedy,0
U91,M23,84,1,0,0.26,Sci-Fi,1
U38,M12,72,0,0,0.78,Thriller,1
U8,M36,34,0,0,0.02,Sci-Fi,0
U30,M21,59,1,0,0.38,Comedy,0
U48,M25,58,0,0,0.14,Thriller,0
U87,M42,68,1,0,0.53,Drama,0
U44,M43,28,0,1,0.49,Thriller,0
U74,M49,59,1,0,0.46,Sci-Fi,0
U34,M39,10,0,1,0.46,Action,0
U98,M34,88,0,0,0.68,Sci-Fi,1
U72,M9,23,0,1,0.45,Comedy,0
U53,M37,24,0,1,0.5,Sci-Fi,0
U81,M27,36,1,0,0.52,Comedy,0
U77,M46,81,0,0,0.62,Drama,1
U3,M37,72,0,0,0.81,Action,1
U37,M3,77,0,0,0.64,Thriller,1
U98,M33,99,0,0,0.34,Action,1
U71,M33,41,0,0,0.46,Thriller,0
U72,M13,75,0,0,0.02,Action,1
U6,M12,97,0,0,0.28,Comedy,1
U84,M8,19,0,1,0.09,Sci-Fi,0
U34,M47,61,0,0,0.45,Action,0
U92,M27,53,0,0,0.32,Sci-Fi,0
U46,M8,91,0,0,0.28,Drama,1
U56,M10,79,0,0,0.2,Thriller,1
U14,M41,53,1,0,0.19,Comedy,0
U67,M30,88,0,0,0.03,Comedy,1
U11,M45,19,0,1,0.97,Action,0
U11,M2,37,0,0,0.92,Sci-Fi,0
U53,M22,52,0,0,0.52,Sci-Fi,0
U42,M42,65,0,0,0.33,Sci-Fi,0
U26,M2,32,1,0,0.12,Action,0
U71,M12,53,0,0,0.58,Drama,0
U21,M4,99,0,0,0.07,Thriller,1
U98,M23,66,0,0,0.95,Sci-Fi,0
U2,M34,80,1,0,0.55,Comedy,1
U68,M14,39,0,0,0.49,Sci-Fi,0
U54,M21,66,0,0,0.98,Sci-Fi,0
U71,M50,18,0,1,0.95,Action,0
U19,M33,30,0,0,0.26,Action,0
U34,M7,44,0,0,0.89,Action,0
U53,M6,94,0,0,0.77,Sci-Fi,1
U58,M12,37,1,0,0.89,Sci-Fi,0
U40,M32,73,0,0,0.51,Drama,1
U37,M14,24,0,1,0.29,Action,0
U6,M16,93,0,0,0.41,Comedy,1
U17,M38,60,0,0,0.05,Sci-Fi,0
U58,M4,65,0,0,0.76,Drama,0
U14,M15,67,0,0,0.48,Comedy,0
U75,M10,85,0,0,0.81,Drama,1
U71,M35,92,0,0,0.96,Sci-Fi,1
U79,M32,91,0,0,0.5,Comedy,1
U56,M10,26,1,1,0.13,Sci-Fi,0
U8,M23,77,0,0,0.92,Drama,1
U62,M45,11,0,1,0.5,Sci-Fi,0
U69,M16,35,1,0,0.11,Thriller,0
U40,M1,27,0,1,0.18,Sci-Fi,0
U49,M30,12,0,1,0.13,Action,0
U53,M48,60,0,0,0.27,Action,0
U3,M20,92,0,0,0.14,Action,1
U50,M26,19,0,1,0.92,Comedy,0
U5,M10,92,0,0,0.25,Drama,1
U14,M17,80,0,0,0.42,Sci-Fi,1
U95,M10,97,1,0,0.87,Sci-Fi,1
U97,M21,49,1,0,0.78,Action,0
U56,M15,36,0,0,0.71,Sci-Fi,0
U67,M18,80,1,0,0.95,Sci-Fi,1
U6,M50,22,0,1,0.3,Comedy,0
U88,M30,95,0,0,0.86,Drama,1
U100,M12,13,0,1,0.34,Comedy,0
U97,M32,52,0,0,0.44,Action,0
U39,M1,19,0,1,0.34,Sci-Fi,0
U6,M17,69,0,0,0.7,Thriller,0
U98,M17,23,0,1,0.43,Sci-Fi,0
U29,M16,33,0,0,0.02,Drama,0
U14,M41,33,0,0,0.05,Comedy,0
U98,M17,48,1,0,0.16,Thriller,0
U100,M42,13,1,1,0.91,Drama,0
U92,M8,59,1,0,0.63,Sci-Fi,0
U50,M17,68,0,0,0.05,Thriller,0
U47,M37,99,0,0,0.44,Thriller,1
U76,M21,20,0,1,0.82,Comedy,0
U84,M1,79,0,0,0.81,Action,1
U53,M8,95,0,0,0.05,Sci-Fi,1
U69,M43,87,0,0,0.9,Thriller,1
U80,M46,67,1,0,0.64,Drama,0
U98,M16,80,0,0,0.07,Drama,1
U97,M26,90,0,0,0.09,Drama,1
U71,M11,10,1,1,0.66,Action,0
U16,M34,34,0,0,0.14,Sci-Fi,0
U23,M44,42,0,0,0.82,Thriller,0
U17,M9,66,0,0,0.28,Thriller,0
U46,M31,56,0,0,0.34,Drama,0
U13,M25,97,0,0,0.11,Drama,1
U8,M45,34,0,0,0.59,Thriller,0
U51,M19,12,0,1,0.49,Thriller,0
U100,M6,38,1,0,0.8,Sci-Fi,0
U48,M6,26,0,1,0.27,Comedy,0
U84,M36,26,0,1,0.07,Action,0
U85,M35,59,1,0,0.3,Drama,0
U30,M20,77,0,0,0.15,Drama,1
U35,M37,51,0,0,0.3,Sci-Fi,0
U64,M49,29,0,1,0.99,Thriller,0
U59,M1,89,0,0,0.44,Thriller,1
U68,M42,97,1,0,0.23,Sci-Fi,1
U1,M26,98,0,0,0.21,Sci-Fi,1
U19,M31,60,0,0,0.21,Comedy,0
U48,M48,67,0,0,0.1,Action,0
U95,M27,40,0,0,0.86,Drama,0
U85,M36,62,0,0,0.99,Drama,0
U96,M18,89,0,0,0.27,Action,1
U54,M25,98,0,0,0.94,Drama,1
U52,M43,45,1,0,0.35,Action,0
U29,M28,26,0,1,0.27,Thriller,0
U73,M45,31,0,0,0.78,Sci-Fi,0
U59,M21,36,0,0,0.04,Thriller,0
U82,M7,13,0,1,0.98,Comedy,0
U24,M49,28,1,1,0.95,Drama,0
U89,M29,31,0,0,0.23,Drama,0
U10,M29,37,0,0,0.54,Drama,0
U99,M48,46,0,0,0.73,Comedy,0
U74,M8,94,0,0,0.58,Comedy,1
U53,M18,70,0,0,0.69,Drama,0
U62,M13,81,0,0,0.6,Thriller,1
U62,M38,66,0,0,0.16,Action,0
U6,M43,39,0,0,0.59,Sci-Fi,0
U89,M23,18,0,1,0.5,Thriller,0
U92,M35,95,1,0,0.56,Sci-Fi,1
U47,M44,59,0,0,0.28,Thriller,0
U27,M37,87,1,0,0.29,Action,1
U8,M38,16,0,1,0.02,Comedy,0
U94,M45,56,0,0,0.74,Sci-Fi,0
U42,M47,89,0,0,0.9,Drama,1
U50,M2,15,0,1,0.3,Sci-Fi,0
U26,M20,90,0,0,0.57,Comedy,1
U78,M50,78,0,0,0.51,Thriller,1
U47,M31,12,1,1,0.18,Comedy,0
U75,M4,26,0,1,0.43,Drama,0
U63,M14,54,0,0,0.83,Sci-Fi,0
U15,M37,30,0,0,0.86,Action,0
U4,M42,76,0,0,0.09,Drama,1
U100,M16,19,0,1,0.44,Drama,0
U99,M9,77,0,0,0.42,Thriller,1
U46,M27,60,0,0,0.53,Sci-Fi,0
U90,M7,76,0,0,0.89,Comedy,1
U94,M18,32,0,0,0.46,Drama,0
U84,M13,67,0,0,0.02,Comedy,0
U100,M25,12,0,1,0.86,Comedy,0
U58,M39,98,0,0,0.13,Drama,1
U14,M5,99,0,0,0.13,Comedy,1
U7,M49,42,0,0,0.71,Sci-Fi,0
U97,M24,94,0,0,0.17,Action,1
U12,M25,52,0,0,0.89,Drama,0
U37,M14,47,0,0,0.87,Drama,0
U14,M39,69,1,0,0.96,Drama,0
U49,M50,28,1,1,0.85,Action,0
U4,M15,66,0,0,0.9,Drama,0
U94,M34,86,1,0,0.83,Action,1
U53,M1,60,0,0,0.33,Sci-Fi,0
U13,M26,38,0,0,0.31,Action,0
U90,M38,40,0,0,0.4,Drama,0
U65,M6,86,1,0,0.14,Action,1
U55,M18,50,1,0,0.45,Action,0
U74,M6,61,0,0,0.44,Action,0
U22,M38,96,0,0,0.25,Action,1
U100,M9,78,1,0,0.88,Thriller,1
U15,M29,80,0,0,0.4,Comedy,1
U80,M42,70,0,0,0.27,Comedy,0
U9,M10,65,0,0,0.5,Thriller,0
U7,M46,81,0,0,0.51,Action,1
U40,M12,78,0,0,0.13,Sci-Fi,1
U87,M4,35,0,0,0.25,Comedy,0
U77,M18,99,0,0,0.19,Drama,1
U56,M31,25,1,1,0.02,Drama,0
U94,M20,99,0,0,0.82,Drama,1
U25,M6,51,0,0,0.79,Comedy,0
U47,M37,12,0,1,0.72,Action,0
U49,M48,60,1,0,0.93,Action,0
U44,M22,12,0,1,0.27,Drama,0
U23,M36,82,0,0,0.26,Drama,1
U11,M12,30,0,0,0.22,Sci-Fi,0
U60,M9,84,0,0,0.49,Sci-Fi,1
U20,M21,94,0,0,0.35,Thriller,1
U6,M20,51,1,0,0.29,Drama,0
U67,M10,11,0,1,0.42,Thriller,0
U51,M48,79,0,0,0.24,Thriller,1
U69,M26,77,1,0,0.7,Sci-Fi,1
U12,M18,60,0,0,0.5,Comedy,0
U78,M45,73,0,0,0.63,Action,1
U76,M32,36,0,0,0.53,Thriller,0
U89,M17,99,1,0,0.03,Drama,1
U84,M44,46,0,0,0.72,Drama,0
U37,M8,64,0,0,0.34,Thriller,0
U53,M44,81,0,0,0.82,Drama,1
U85,M42,95,0,0,0.95,Drama,1
U49,M27,65,0,0,0.75,Thriller,0
U10,M6,73,0,0,0.22,Thriller,1
U67,M19,52,1,0,0.71,Sci-Fi,0
U75,M16,28,0,1,0.0,Sci-Fi,0
U45,M21,82,0,0,0.49,Comedy,1
U55,M16,54,0,0,0.73,Sci-Fi,0
U22,M31,42,0,0,0.19,Thriller,0
U39,M5,64,0,0,0.85,Comedy,0
U34,M38,58,0,0,0.99,Drama,0
U62,M30,70,0,0,0.23,Thriller,0
U55,M12,78,0,0,0.18,Action,1
U72,M25,59,0,0,0.9,Comedy,0
U78,M14,27,1,1,0.85,Drama,0
U33,M38,89,1,0,0.81,Comedy,1
U97,M28,87,0,0,0.18,Thriller,1
U71,M45,98,1,0,0.47,Comedy,1
U89,M22,25,0,1,0.32,Drama,0
U60,M42,26,1,1,0.96,Drama,0
U31,M27,22,1,1,0.57,Drama,0
U54,M29,50,0,0,0.35,Thriller,0
U69,M11,95,0,0,0.89,Comedy,1
U97,M35,91,1,0,0.75,Sci-Fi,1
U26,M13,54,0,0,0.33,Sci-Fi,0
U82,M34,76,1,0,0.88,Drama,1
U2,M33,70,0,0,0.02,Comedy,0
U34,M41,98,1,0,0.05,Thriller,1
U100,M11,64,0,0,0.16,Comedy,0
U65,M37,90,0,0,0.2,Drama,1
U85,M34,82,0,0,0.78,Thriller,1
U4,M4,59,0,0,0.07,Thriller,0
U74,M30,86,1,0,0.81,Comedy,1
U21,M40,21,0,1,0.67,Action,0
U3,M48,50,0,0,0.04,Sci-Fi,0
U50,M42,97,1,0,0.3,Drama,1
U95,M46,39,0,0,0.28,Action,0
U64,M47,89,0,0,0.84,Thriller,1
U82,M16,46,0,0,0.77,Drama,0
U67,M39,56,1,0,0.53,Sci-Fi,0
U67,M33,45,0,0,0.75,Thriller,0
U56,M29,38,0,0,0.27,Thriller,0
U83,M11,12,0,1,0.58,Action,0
U76,M49,24,0,1,0.09,Thriller,0
U6,M50,91,0,0,0.31,Sci-Fi,1
U39,M42,49,1,0,0.07,Thriller,0
U82,M3,28,1,1,0.58,Thriller,0
U59,M35,50,0,0,0.84,Drama,0
U36,M49,89,0,0,0.28,Drama,1
U89,M43,42,0,0,0.03,Thriller,0
U70,M34,96,0,0,0.05,Drama,1
U28,M31,92,0,0,0.76,Drama,1
U43,M22,92,0,0,0.09,Comedy,1
U50,M32,86,0,0,0.24,Comedy,1
U31,M48,63,0,0,0.06,Thriller,0
U88,M3,32,0,0,0.92,Action,0
U18,M41,70,1,0,0.55,Drama,0
U9,M24,28,0,1,0.11,Thriller,0
U82,M44,75,0,0,0.1,Thriller,1
U16,M36,84,0,0,0.46,Action,1
U24,M3,69,0,0,0.14,Action,0
U52,M26,81,0,0,0.34,Sci-Fi,1
U89,M37,79,0,0,0.52,Thriller,1
U26,M22,28,0,1,0.08,Action,0
U20,M22,53,0,0,0.74,Action,0
U94,M10,60,0,0,0.6,Comedy,0
U33,M50,34,0,0,0.01,Thriller,0
U54,M36,51,0,0,0.16,Sci-Fi,0
U86,M36,18,1,1,0.89,Action,0
U55,M5,47,0,0,0.75,Thriller,0
U41,M5,95,1,0,0.6,Sci-Fi,1
U53,M31,91,0,0,0.61,Sci-Fi,1
U73,M41,81,0,0,0.94,Action,1
U11,M36,66,1,0,0.53,Action,0
U69,M19,31,0,0,0.1,Comedy,0
U61,M7,56,0,0,0.47,Sci-Fi,0
U86,M43,31,0,0,0.32,Drama,0
U25,M7,44,0,0,0.34,Action,0
U59,M36,80,0,0,0.44,Drama,1
U50,M30,19,0,1,0.03,Sci-Fi,0
U37,M7,34,0,0,0.29,Comedy,0
U7,M46,16,0,1,0.34,Sci-Fi,0
U57,M32,95,0,0,0.68,Thriller,1
U53,M36,28,0,1,0.95,Thriller,0
U39,M9,12,1,1,0.2,Comedy,0
U51,M9,37,1,0,0.16,Thriller,0
U84,M2,96,0,0,0.04,Thriller,1
U23,M41,33,0,0,0.67,Thriller,0
U6,M45,56,0,0,0.11,Sci-Fi,0
U11,M1,39,0,0,0.84,Drama,0
U43,M23,35,0,0,0.06,Action,0
U66,M46,69,0,0,0.46,Comedy,0
U31,M6,40,0,0,0.25,Action,0
U53,M17,48,1,0,0.57,Drama,0
U81,M39,27,0,1,0.41,Action,0
U16,M39,63,0,0,0.86,Comedy,0
U82,M11,44,0,0,0.44,Comedy,0
U90,M50,77,0,0,0.2,Thriller,1
U12,M22,13,0,1,0.53,Sci-Fi,0
U49,M1,56,0,0,0.61,Thriller,0
U43,M36,71,1,0,0.47,Thriller,1
U19,M4,71,0,0,0.73,Sci-Fi,1
U63,M50,52,0,0,0.82,Drama,0
U78,M25,60,1,0,0.03,Comedy,0
U45,M11,54,0,0,0.3,Comedy,0
U6,M29,16,0,1,0.3,Comedy,0
U15,M7,46,0,0,0.41,Action,0
U73,M48,86,0,0,0.88,Drama,1
U1,M12,89,0,0,0.57,Thriller,1
U5,M8,66,0,0,0.97,Drama,0
U88,M23,83,0,0,0.98,Drama,1
U16,M45,82,0,0,0.84,Drama,1
U49,M50,16,1,1,0.89,Sci-Fi,0
U56,M6,75,1,0,0.02,Comedy,1
U48,M30,61,0,0,0.39,Thriller,0
U97,M22,15,0,1,0.46,Action,0
U60,M44,26,0,1,0.56,Action,0
U93,M31,86,1,0,0.21,Action,1
U18,M44,27,0,1,0.4,Drama,0
U18,M5,36,1,0,0.44,Action,0
U77,M40,44,1,0,0.71,Action,0
U94,M17,18,0,1,0.42,Drama,0
U40,M17,44,0,0,0.22,Sci-Fi,0
U80,M10,64,0,0,0.48,Sci-Fi,0
U16,M40,74,1,0,0.13,Thriller,1
U64,M7,34,1,0,0.09,Drama,0
U50,M13,89,1,0,0.41,Sci-Fi,1
U100,M25,76,0,0,0.68,Drama,1
U7,M5,58,0,0,0.68,Drama,0
U21,M49,96,0,0,0.64,Action,1
U55,M6,80,0,0,0.18,Action,1
U23,M30,29,0,1,0.31,Drama,0
U1,M10,76,1,0,0.86,Action,1
U84,M16,49,0,0,0.82,Drama,0
U16,M2,78,0,0,0.98,Thriller,1
U98,M10,88,0,0,0.12,Comedy,1
U32,M15,86,0,0,0.36,Action,1
U45,M22,89,0,0,0.56,Action,1
U66,M6,63,1,0,0.16,Thriller,0
U29,M34,65,0,0,0.62,Action,0
U5,M17,83,1,0,0.28,Action,1
U32,M28,45,0,0,0.08,Drama,0
U87,M26,47,1,0,0.53,Sci-Fi,0
U58,M30,75,1,0,1.0,Sci-Fi,1
U9,M15,52,0,0,0.88,Sci-Fi,0
U35,M21,33,0,0,0.47,Sci-Fi,0
U51,M26,53,0,0,0.27,Drama,0
U20,M50,39,0,0,0.94,Action,0
U79,M5,46,1,0,0.64,Action,0
U54,M16,39,0,0,0.04,Drama,0
U89,M32,16,0,1,0.92,Thriller,0
U54,M16,50,0,0,0.71,Action,0
U32,M12,78,0,0,0.69,Drama,1
U35,M42,17,0,1,0.48,Thriller,0
U66,M18,22,0,1,0.45,Drama,0
U21,M30,63,0,0,0.14,Drama,0
U7,M11,39,0,0,0.27,Drama,0
U73,M18,11,0,1,0.96,Drama,0
U45,M15,12,0,1,0.46,Sci-Fi,0
U4,M23,93,0,0,0.3,Action,1
U75,M41,20,0,1,0.92,Sci-Fi,0
U51,M5,32,0,0,0.76,Sci-Fi,0
U6,M39,11,0,1,0.04,Drama,0
U48,M48,87,0,0,0.64,Thriller,1
U82,M39,44,0,0,0.4,Action,0
U18,M15,81,0,0,0.62,Thriller,1
U26,M13,19,0,1,0.21,Drama,0
U5,M3,32,1,0,0.8,Thriller,0
U95,M25,38,0,0,0.75,Comedy,0
U4,M12,43,1,0,0.23,Thriller,0
U97,M40,81,1,0,0.06,Action,1
U41,M28,91,0,0,0.79,Comedy,1
U74,M8,98,0,0,0.1,Sci-Fi,1
U19,M48,91,0,0,0.81,Comedy,1
U51,M31,36,1,0,0.98,Drama,0
U17,M29,73,1,0,0.89,Action,1
U84,M25,42,0,0,0.71,Drama,0
U88,M27,44,0,0,0.71,Drama,0
U24,M21,92,0,0,0.96,Sci-Fi,1
U93,M22,21,0,1,0.77,Comedy,0
U49,M41,60,0,0,0.23,Drama,0
U84,M16,98,0,0,0.86,Comedy,1
U66,M42,77,0,0,0.95,Sci-Fi,1
U4,M16,30,1,0,0.01,Sci-Fi,0
U19,M16,68,0,0,0.82,Drama,0
U3,M30,93,0,0,0.44,Comedy,1
U29,M25,43,0,0,0.07,Thriller,0
U56,M40,72,1,0,0.25,Action,1
U9,M28,88,0,0,0.93,Action,1
U20,M32,66,0,0,0.14,Drama,0
U65,M37,18,0,1,0.89,Comedy,0
U82,M30,45,0,0,0.95,Thriller,0
U89,M5,79,0,0,0.88,Sci-Fi,1
U53,M45,31,0,0,0.23,Drama,0
U81,M50,15,0,1,0.32,Sci-Fi,0
U21,M44,12,0,1,0.19,Thriller,0
U39,M1,72,0,0,0.82,Sci-Fi,1
U80,M6,85,0,0,0.05,Drama,1
U83,M30,77,1,0,0.96,Action,1
U18,M30,66,0,0,0.74,Thriller,0
U44,M22,59,0,0,0.31,Drama,0
U27,M5,52,0,0,0.48,Sci-Fi,0
U21,M6,77,0,0,0.73,Sci-Fi,1
U99,M31,28,0,1,0.53,Comedy,0
U82,M14,27,1,1,0.68,Sci-Fi,0
U10,M45,48,0,0,0.28,Comedy,0
U4,M21,39,0,0,0.93,Comedy,0
U16,M45,70,0,0,0.52,Thriller,0
U48,M14,85,0,0,0.97,Comedy,1
U47,M32,78,0,0,0.13,Action,1
U18,M18,68,0,0,0.96,Sci-Fi,0
U46,M36,31,0,0,0.88,Sci-Fi,0
U15,M49,70,0,0,0.37,Comedy,0
U5,M14,14,0,1,0.3,Sci-Fi,0
U88,M35,65,0,0,0.37,Comedy,0
U66,M39,68,0,0,0.82,Comedy,0
U93,M36,57,0,0,0.71,Drama,0
U7,M35,83,1,0,0.13,Sci-Fi,1
U8,M21,25,0,1,0.48,Action,0
U29,M9,98,0,0,0.48,Drama,1
U20,M7,56,0,0,0.02,Action,0
U29,M33,28,0,1,0.99,Sci-Fi,0
U62,M14,74,1,0,0.8,Comedy,1
U63,M6,28,0,1,0.64,Comedy,0
U99,M16,15,1,1,0.2,Drama,0
U32,M25,94,0,0,0.87,Thriller,1
U60,M29,73,0,0,0.07,Drama,1
U77,M1,19,0,1,0.15,Thriller,0
U58,M37,80,0,0,0.33,Comedy,1
U52,M49,19,0,1,0.14,Drama,0
U85,M19,59,0,0,0.21,Sci-Fi,0
U78,M5,89,0,0,0.58,Sci-Fi,1
U75,M38,41,0,0,0.07,Thriller,0
U42,M30,15,0,1,0.93,Sci-Fi,0
U1,M49,46,0,0,0.66,Sci-Fi,0
U75,M27,90,0,0,0.06,Drama,1
U60,M29,43,1,0,0.81,Comedy,0
U96,M18,16,0,1,0.02,Sci-Fi,0
U63,M34,21,0,1,0.51,Drama,0
U71,M42,92,0,0,0.3,Sci-Fi,1
U36,M10,51,1,0,0.8,Comedy,0
U1,M22,43,0,0,0.9,Sci-Fi,0
U28,M32,74,0,0,0.58,Drama,1
U83,M30,68,0,0,0.59,Drama,0
